[*] Initializing pacman keys...
==> Generating pacman master key. This may take some time.
gpg: Generating pacman keyring master key...
gpg: revocation certificate stored as '/etc/pacman.d/gnupg/openpgp-revocs.d/9ACFCA597A629D5C485C475486BB917C8F4B88DB.rev'
gpg: Done
==> Updating trust database...
gpg: Note: third-party key signatures using the SHA1 algorithm are rejected
gpg: (use option "--allow-weak-key-signatures" to override)
gpg: marginals needed: 3  completes needed: 1  trust model: pgp
gpg: depth: 0  valid:   2  signed:   5  trust: 0-, 0q, 0n, 0m, 0f, 2u
gpg: depth: 1  valid:   5  signed:  88  trust: 0-, 0q, 0n, 5m, 0f, 0u
gpg: depth: 2  valid:  77  signed:  18  trust: 77-, 0q, 0n, 0m, 0f, 0u
gpg: next trustdb check due at 2026-10-21
==> Appending keys from archlinux.gpg...
==> Locally signing trusted keys in keyring...
  -> Locally signed 5 keys.
==> Importing owner trust values...
==> Updating trust database...
gpg: Note: third-party key signatures using the SHA1 algorithm are rejected
gpg: (use option "--allow-weak-key-signatures" to override)
gpg: marginals needed: 3  completes needed: 1  trust model: pgp
gpg: depth: 0  valid:   2  signed:   5  trust: 0-, 0q, 0n, 0m, 0f, 2u
gpg: depth: 1  valid:   5  signed:  88  trust: 0-, 0q, 0n, 5m, 0f, 0u
gpg: depth: 2  valid:  77  signed:  18  trust: 77-, 0q, 0n, 0m, 0f, 0u
gpg: next trustdb check due at 2026-10-21
[*] Installing archiso...
:: Synchronizing package databases...
 core downloading...
 extra downloading...
:: Starting full system upgrade...
resolving dependencies...
looking for conflicting packages...

Package (30)                  Old Version                  New Version                 Net Change  Download Size

core/binutils                 2.47-1                       2.47-4                        0.00 MiB       8.20 MiB
core/ca-certificates-mozilla  3.126-1                      3.127-1                       0.00 MiB       0.37 MiB
core/expat                    2.8.2-1                      2.8.3-1                       0.00 MiB       0.13 MiB
core/gcc-libs                 16.1.1+r595+g171d15ac6959-1  16.2.1+r23+gd564253eb6c8-1    0.00 MiB       0.00 MiB
core/glibc                    2.44+r5+g7cba77790f32-1      2.44+r24+g16be1518495f-1      0.04 MiB      10.38 MiB
core/gnupg                    2.4.9-2                      2.4.9-3                       0.00 MiB       2.89 MiB
core/iproute2                 7.1.0-1                      7.2.0-1                       0.03 MiB       1.19 MiB
core/libasan                  16.1.1+r595+g171d15ac6959-1  16.2.1+r23+gd564253eb6c8-1    0.00 MiB       0.51 MiB
core/libatomic                16.1.1+r595+g171d15ac6959-1  16.2.1+r23+gd564253eb6c8-1    0.00 MiB       0.01 MiB
core/libelf                   0.195-2                      0.196-1                       0.02 MiB       0.70 MiB
core/libffi                   3.7.1-1                      3.8.0-1                       0.00 MiB       0.05 MiB
core/libgcc                   16.1.1+r595+g171d15ac6959-1  16.2.1+r23+gd564253eb6c8-1    0.00 MiB       0.08 MiB
core/libgfortran              16.1.1+r595+g171d15ac6959-1  16.2.1+r23+gd564253eb6c8-1    0.00 MiB       0.90 MiB
core/libgomp                  16.1.1+r595+g171d15ac6959-1  16.2.1+r23+gd564253eb6c8-1    0.00 MiB       0.23 MiB
core/libhwasan                16.1.1+r595+g171d15ac6959-1  16.2.1+r23+gd564253eb6c8-1    0.00 MiB       0.27 MiB
core/liblsan                  16.1.1+r595+g171d15ac6959-1  16.2.1+r23+gd564253eb6c8-1    0.00 MiB       0.22 MiB
core/libmakepkg-dropins       20-1                         20-2                          0.00 MiB       0.01 MiB
core/libobjc                  16.1.1+r595+g171d15ac6959-1  16.2.1+r23+gd564253eb6c8-1    0.00 MiB       0.04 MiB
core/libp11-kit               0.26.4-1                     0.26.5-1                      0.00 MiB       0.51 MiB
core/libquadmath              16.1.1+r595+g171d15ac6959-1  16.2.1+r23+gd564253eb6c8-1    0.00 MiB       0.16 MiB
core/libstdc++                16.1.1+r595+g171d15ac6959-1  16.2.1+r23+gd564253eb6c8-1    0.00 MiB       0.84 MiB
extra/libsysprof-capture      50.0-4                       50.0-6                        0.00 MiB       0.05 MiB
core/libtsan                  16.1.1+r595+g171d15ac6959-1  16.2.1+r23+gd564253eb6c8-1    0.00 MiB       0.45 MiB
core/libubsan                 16.1.1+r595+g171d15ac6959-1  16.2.1+r23+gd564253eb6c8-1    0.00 MiB       0.20 MiB
core/linux-api-headers        7.1-1                        7.2-1                         0.05 MiB       1.51 MiB
core/p11-kit                  0.26.4-1                     0.26.5-1                      0.00 MiB       0.25 MiB
core/procps-ng                4.0.6-3                      4.0.7-1                       0.00 MiB       0.98 MiB
core/sed                      4.10-1                       4.10-2                       -0.07 MiB       0.21 MiB
core/tar                      1.35-2                       1.35-3                        0.01 MiB       0.75 MiB
core/tpm2-tss                 4.1.3-1                      4.2.0-2                       0.38 MiB       0.99 MiB

Total Download Size:    33.08 MiB
Total Installed Size:  146.79 MiB
Net Upgrade Size:        0.46 MiB

:: Proceed with installation? [Y/n] 
:: Retrieving packages...
 glibc-2.44+r24+g16be1518495f-1-x86_64 downloading...
 binutils-2.47-4-x86_64 downloading...
 gnupg-2.4.9-3-x86_64 downloading...
 linux-api-headers-7.2-1-x86_64 downloading...
 iproute2-7.2.0-1-x86_64 downloading...
 tpm2-tss-4.2.0-2-x86_64 downloading...
 procps-ng-4.0.7-1-x86_64 downloading...
 libgfortran-16.2.1+r23+gd564253eb6c8-1-x86_64 downloading...
 libstdc++-16.2.1+r23+gd564253eb6c8-1-x86_64 downloading...
 tar-1.35-3-x86_64 downloading...
 libelf-0.196-1-x86_64 downloading...
 libasan-16.2.1+r23+gd564253eb6c8-1-x86_64 downloading...
 libp11-kit-0.26.5-1-x86_64 downloading...
 libtsan-16.2.1+r23+gd564253eb6c8-1-x86_64 downloading...
 ca-certificates-mozilla-3.127-1-x86_64 downloading...
 libhwasan-16.2.1+r23+gd564253eb6c8-1-x86_64 downloading...
 p11-kit-0.26.5-1-x86_64 downloading...
 libgomp-16.2.1+r23+gd564253eb6c8-1-x86_64 downloading...
 liblsan-16.2.1+r23+gd564253eb6c8-1-x86_64 downloading...
 sed-4.10-2-x86_64 downloading...
 libubsan-16.2.1+r23+gd564253eb6c8-1-x86_64 downloading...
 libquadmath-16.2.1+r23+gd564253eb6c8-1-x86_64 downloading...
 expat-2.8.3-1-x86_64 downloading...
 libgcc-16.2.1+r23+gd564253eb6c8-1-x86_64 downloading...
 libffi-3.8.0-1-x86_64 downloading...
 libsysprof-capture-50.0-6-x86_64 downloading...
 libobjc-16.2.1+r23+gd564253eb6c8-1-x86_64 downloading...
 libatomic-16.2.1+r23+gd564253eb6c8-1-x86_64 downloading...
 libmakepkg-dropins-20-2-any downloading...
 gcc-libs-16.2.1+r23+gd564253eb6c8-1-x86_64 downloading...
checking keyring...
checking package integrity...
loading package files...
checking for file conflicts...
:: Processing package changes...
upgrading linux-api-headers...
upgrading glibc...
upgrading libgcc...
upgrading libstdc++...
upgrading libffi...
upgrading libp11-kit...
upgrading p11-kit...
upgrading ca-certificates-mozilla...
upgrading libelf...
upgrading binutils...
upgrading expat...
upgrading libasan...
upgrading libatomic...
upgrading libgfortran...
upgrading libgomp...
upgrading libhwasan...
upgrading liblsan...
upgrading libobjc...
upgrading libquadmath...
upgrading libtsan...
upgrading libubsan...
upgrading gcc-libs...
upgrading tpm2-tss...
warning: /etc/tpm2-tss/fapi-profiles/P_ECCP384SHA384.json installed as /etc/tpm2-tss/fapi-profiles/P_ECCP384SHA384.json.pacnew
warning: /etc/tpm2-tss/fapi-profiles/P_RSA3072SHA384.json installed as /etc/tpm2-tss/fapi-profiles/P_RSA3072SHA384.json.pacnew
upgrading libsysprof-capture...
upgrading gnupg...
upgrading iproute2...
upgrading sed...
upgrading libmakepkg-dropins...
upgrading procps-ng...
upgrading tar...
:: Running post-transaction hooks...
( 1/11) Generating the configured locale...
Generating locales...
Generation complete.
( 2/11) Configuring dynamic linker run-time bindings...
( 3/11) Creating iconv module configuration cache...
( 4/11) Creating system user accounts...
( 5/11) Creating temporary files...
/usr/lib/tmpfiles.d/journal-nocow.conf:26: Failed to resolve specifier: uninitialized /etc/ detected, skipping.
All rules containing unresolvable specifiers will be skipped.
( 6/11) Reloading system manager configuration...
  Skipped: Current root is not booted.
( 7/11) Reloading user manager configuration...
  Skipped: Current root is not booted.
( 8/11) Enqueuing marked services...
  Skipped: Current root is not booted.
( 9/11) Reloading device manager configuration...
  Skipped: Current root is not booted.
(10/11) Arming ConditionNeedsUpdate...
(11/11) Rebuilding certificate stores...
resolving dependencies...
looking for conflicting packages...

Package (49)                New Version                 Net Change  Download Size

extra/arch-install-scripts  31-2                          0.04 MiB       0.02 MiB
core/autoconf               2.73-1                        2.25 MiB       0.64 MiB
core/automake               1.18.1-1                      1.64 MiB       0.62 MiB
core/bison                  3.8.2-8                       2.52 MiB       0.75 MiB
extra/boost-libs            1.91.0-2                     50.77 MiB       6.15 MiB
extra/cpio                  2.15-3                        0.98 MiB       0.22 MiB
core/db5.3                  5.3.28-7                      6.48 MiB       1.26 MiB
core/debugedit              5.3-2                         0.13 MiB       0.05 MiB
core/diffutils              3.12-2                        1.50 MiB       0.33 MiB
core/dosfstools             4.2-5                         0.40 MiB       0.13 MiB
core/elfutils               0.196-1                       4.30 MiB       0.68 MiB
extra/erofs-utils           1.9.3-1                       0.77 MiB       0.17 MiB
core/fakeroot               1:1.37.2-3                    0.14 MiB       0.08 MiB
core/flex                   2.6.4-6                       0.84 MiB       0.29 MiB
core/gc                     8.2.12-1                      0.76 MiB       0.23 MiB
core/gcc                    16.2.1+r23+gd564253eb6c8-1  220.89 MiB      57.93 MiB
extra/gdb                   17.2-1                       31.93 MiB       8.16 MiB
extra/gdb-common            17.2-1                        1.13 MiB       0.12 MiB
core/groff                  1.24.1-1                      9.01 MiB       2.40 MiB
core/guile                  3.0.11-1                     54.49 MiB       8.39 MiB
extra/libburn               1.5.8-1                       0.68 MiB       0.27 MiB
extra/libdeflate            1.25-1                        0.14 MiB       0.06 MiB
core/libisl                 0.28-1                        5.90 MiB       0.94 MiB
extra/libisoburn            1.5.8.2-1                     1.86 MiB       0.83 MiB
extra/libisofs              1.5.8.2-1                     0.85 MiB       0.29 MiB
core/libmpc                 1.4.1-1                       0.19 MiB       0.09 MiB
core/libtool                2.6.2-5                       2.34 MiB       0.42 MiB
core/lzo                    2.10-5                        0.38 MiB       0.09 MiB
core/m4                     1.4.21-2                      0.71 MiB       0.27 MiB
core/make                   4.4.1-3                       1.66 MiB       0.51 MiB
core/mpdecimal              4.0.1-3                       0.32 MiB       0.10 MiB
extra/mtools                1:4.0.49-1                    0.39 MiB       0.21 MiB
core/patch                  2.8-1                         0.17 MiB       0.08 MiB
core/perl                   5.42.2-2                     70.28 MiB      20.49 MiB
extra/perl-error            0.17030-3                     0.04 MiB       0.02 MiB
extra/perl-mailtools        2.22-3                        0.10 MiB       0.06 MiB
extra/perl-timedate         2.35-1                        0.15 MiB       0.06 MiB
core/pkgconf                3.0.5-1                       0.34 MiB       0.12 MiB
core/python                 3.14.7-1                     73.62 MiB      13.53 MiB
extra/source-highlight      3.1.9-18                      3.24 MiB       0.67 MiB
extra/squashfs-tools        4.7.5-1                       0.92 MiB       0.26 MiB
core/texinfo                7.3-1                        12.67 MiB       2.12 MiB
core/which                  2.25-1                        0.03 MiB       0.02 MiB
extra/xxhash                0.8.3-1                       0.39 MiB       0.10 MiB
extra/zlib-ng               2.3.3-1                       0.28 MiB       0.11 MiB
extra/archiso               89-1                          0.22 MiB       0.10 MiB
core/base-devel             1-2                           0.00 MiB       0.00 MiB
extra/git                   2.55.0-1                     31.33 MiB       7.11 MiB
core/sudo                   1.9.17.p2-6                   7.85 MiB       1.86 MiB

Total Download Size:   139.36 MiB
Total Installed Size:  608.05 MiB

:: Proceed with installation? [Y/n] 
:: Retrieving packages...
 gcc-16.2.1+r23+gd564253eb6c8-1-x86_64 downloading...
 perl-5.42.2-2-x86_64 downloading...
 python-3.14.7-1-x86_64 downloading...
 guile-3.0.11-1-x86_64 downloading...
 gdb-17.2-1-x86_64 downloading...
 git-2.55.0-1-x86_64 downloading...
 boost-libs-1.91.0-2-x86_64 downloading...
 groff-1.24.1-1-x86_64 downloading...
 texinfo-7.3-1-x86_64 downloading...
 sudo-1.9.17.p2-6-x86_64 downloading...
 db5.3-5.3.28-7-x86_64 downloading...
 libisl-0.28-1-x86_64 downloading...
 libisoburn-1.5.8.2-1-x86_64 downloading...
 bison-3.8.2-8-x86_64 downloading...
 elfutils-0.196-1-x86_64 downloading...
 source-highlight-3.1.9-18-x86_64 downloading...
 autoconf-2.73-1-any downloading...
 automake-1.18.1-1-any downloading...
 make-4.4.1-3-x86_64 downloading...
 libtool-2.6.2-5-x86_64 downloading...
 diffutils-3.12-2-x86_64 downloading...
 libisofs-1.5.8.2-1-x86_64 downloading...
 flex-2.6.4-6-x86_64 downloading...
 libburn-1.5.8-1-x86_64 downloading...
 m4-1.4.21-2-x86_64 downloading...
 squashfs-tools-4.7.5-1-x86_64 downloading...
 gc-8.2.12-1-x86_64 downloading...
 cpio-2.15-3-x86_64 downloading...
 mtools-1:4.0.49-1-x86_64 downloading...
 erofs-utils-1.9.3-1-x86_64 downloading...
 dosfstools-4.2-5-x86_64 downloading...
 pkgconf-3.0.5-1-x86_64 downloading...
 gdb-common-17.2-1-x86_64 downloading...
 zlib-ng-2.3.3-1-x86_64 downloading...
 mpdecimal-4.0.1-3-x86_64 downloading...
 archiso-89-1-any downloading...
 xxhash-0.8.3-1-x86_64 downloading...
 libmpc-1.4.1-1-x86_64 downloading...
 lzo-2.10-5-x86_64 downloading...
 patch-2.8-1-x86_64 downloading...
 fakeroot-1:1.37.2-3-x86_64 downloading...
 libdeflate-1.25-1-x86_64 downloading...
 perl-timedate-2.35-1-any downloading...
 perl-mailtools-2.22-3-any downloading...
 debugedit-5.3-2-x86_64 downloading...
 perl-error-0.17030-3-any downloading...
 arch-install-scripts-31-2-any downloading...
 which-2.25-1-x86_64 downloading...
 base-devel-1-2-any downloading...
checking keyring...
checking package integrity...
loading package files...
checking for file conflicts...
:: Processing package changes...
installing arch-install-scripts...
installing dosfstools...
installing libdeflate...
installing xxhash...
installing erofs-utils...
Optional dependencies for erofs-utils
    erofsfuse: for FUSE file system client
installing libburn...
installing libisofs...
installing libisoburn...
Optional dependencies for libisoburn
    tk: for xorriso-tcltk frontend
    sudo: for use with xorriso-dd-target [pending]
installing mtools...
Optional dependencies for mtools
    libx11: required by floppyd
    libxau: required by floppyd
installing lzo...
installing squashfs-tools...
installing archiso...
Optional dependencies for archiso
    edk2-ovmf: for emulating UEFI with run_archiso
    gnupg: for OpenPGP signature verification of rootfs over PXE [installed]
    grub: for grub support in the ISO
    openssl: for CMS signature verification of PXE artifacts and rootfs over PXE [installed]
    qemu-desktop: for run_archiso
installing m4...
installing diffutils...
installing db5.3...
installing perl...
installing autoconf...
installing automake...
installing bison...
installing cpio...
installing elfutils...
installing boost-libs...
Optional dependencies for boost-libs
    openmpi: for mpi support
installing mpdecimal...
installing python...
Optional dependencies for python
    python-setuptools: for building Python packages using tooling that is usually bundled with Python
    python-pip: for installing Python packages using tooling that is usually bundled with Python
    python-pipx: for installing Python software not packaged on Arch Linux
    sqlite: for a default database integration [installed]
    xz: for lzma [installed]
    tk: for tkinter
installing gc...
installing guile...
installing gdb-common...
installing source-highlight...
Optional dependencies for source-highlight
    lesspipe: src-hilite-lesspipe.sh
installing gdb...
installing debugedit...
installing fakeroot...
installing flex...
installing libisl...
installing libmpc...
installing gcc...
Optional dependencies for gcc
    lib32-gcc-libs: for generating code for 32-bit ABI
installing groff...
Optional dependencies for groff
    netpbm: for use together with man -H command interaction in browsers
    psutils: for use together with man -H command interaction in browsers
    libxaw: for gxditview
    perl-file-homedir: for use with glilypond
installing libtool...
installing make...
installing patch...
Optional dependencies for patch
    ed: for patch -e functionality
installing pkgconf...
installing sudo...
installing texinfo...
Optional dependencies for texinfo
    perl-archive-zip: EPUB file output via texi2any
installing which...
installing base-devel...
installing perl-error...
installing perl-timedate...
installing perl-mailtools...
installing zlib-ng...
installing git...
Optional dependencies for git
    git-zsh-completion: upstream zsh completion
    tk: gitk and git gui
    openssh: ssh transport and crypto
    man: show help with `git command --help`
    perl-libwww: git svn
    perl-term-readkey: git svn and interactive.singlekey setting
    perl-io-socket-ssl: git send-email TLS support
    perl-authen-sasl: git send-email TLS support
    perl-cgi: gitweb (web interface) support
    python: git svn & git p4 [installed]
    subversion: git svn
    org.freedesktop.secrets: keyring credential helper
    libsecret: libsecret credential helper [installed]
    less: the default pager for git
:: Running post-transaction hooks...
(1/6) Configuring dynamic linker run-time bindings...
(2/6) Creating system user accounts...
Creating group 'git' with GID 969.
Creating user 'git' (git daemon user) with UID 969 and GID 969.
(3/6) Creating temporary files...
/usr/lib/tmpfiles.d/journal-nocow.conf:26: Failed to resolve specifier: uninitialized /etc/ detected, skipping.
All rules containing unresolvable specifiers will be skipped.
(4/6) Reloading system manager configuration...
  Skipped: Current root is not booted.
(5/6) Arming ConditionNeedsUpdate...
(6/6) Checking for old perl modules...
[*] Building ISO...
[*] Refreshing local repo database...
==> Adding package '/var/home/visnudeva/code/GITHUB/SweetPotatOs/repo/calamares-3.4.2-2-x86_64.pkg.tar.zst'
  -> Computing checksums...
  -> Creating 'desc' db entry...
  -> Creating 'files' db entry...
==> Adding package '/var/home/visnudeva/code/GITHUB/SweetPotatOs/repo/calamares-debug-3.4.2-2-x86_64.pkg.tar.zst'
  -> Computing checksums...
  -> Creating 'desc' db entry...
  -> Creating 'files' db entry...
==> Adding package '/var/home/visnudeva/code/GITHUB/SweetPotatOs/repo/python-imageio-ffmpeg-0.6.0-2-any.pkg.tar.zst'
  -> Computing checksums...
  -> Creating 'desc' db entry...
  -> Creating 'files' db entry...
==> Adding package '/var/home/visnudeva/code/GITHUB/SweetPotatOs/repo/python-screeninfo-0.8.1-2-any.pkg.tar.zst'
  -> Computing checksums...
  -> Creating 'desc' db entry...
  -> Creating 'files' db entry...
==> Adding package '/var/home/visnudeva/code/GITHUB/SweetPotatOs/repo/shelly-bin-3.0.6-1-x86_64.pkg.tar.zst'
  -> Computing checksums...
  -> Creating 'desc' db entry...
  -> Creating 'files' db entry...
==> Adding package '/var/home/visnudeva/code/GITHUB/SweetPotatOs/repo/shelly-bin-debug-3.0.6-1-x86_64.pkg.tar.zst'
  -> Computing checksums...
  -> Creating 'desc' db entry...
  -> Creating 'files' db entry...
==> Adding package '/var/home/visnudeva/code/GITHUB/SweetPotatOs/repo/swirl-1.13.0.r8567.gcd070469-2-x86_64.pkg.tar.zst'
  -> Computing checksums...
  -> Creating 'desc' db entry...
  -> Creating 'files' db entry...
==> Adding package '/var/home/visnudeva/code/GITHUB/SweetPotatOs/repo/swirl-debug-1.13.0.r8567.gcd070469-2-x86_64.pkg.tar.zst'
  -> Computing checksums...
  -> Creating 'desc' db entry...
  -> Creating 'files' db entry...
==> Adding package '/var/home/visnudeva/code/GITHUB/SweetPotatOs/repo/tera-3.11.0-1-x86_64.pkg.tar.zst'
  -> Computing checksums...
  -> Creating 'desc' db entry...
  -> Creating 'files' db entry...
==> Adding package '/var/home/visnudeva/code/GITHUB/SweetPotatOs/repo/tera-debug-3.11.0-1-x86_64.pkg.tar.zst'
  -> Computing checksums...
  -> Creating 'desc' db entry...
  -> Creating 'files' db entry...
==> Adding package '/var/home/visnudeva/code/GITHUB/SweetPotatOs/repo/waypaper-2.8-1-any.pkg.tar.zst'
  -> Computing checksums...
  -> Creating 'desc' db entry...
  -> Creating 'files' db entry...
==> Adding package '/var/home/visnudeva/code/GITHUB/SweetPotatOs/repo/yay-bin-13.0.1-1-x86_64.pkg.tar.zst'
  -> Computing checksums...
  -> Creating 'desc' db entry...
  -> Creating 'files' db entry...
==> Adding package '/var/home/visnudeva/code/GITHUB/SweetPotatOs/repo/yay-bin-debug-13.0.1-1-x86_64.pkg.tar.zst'
  -> Computing checksums...
  -> Creating 'desc' db entry...
  -> Creating 'files' db entry...
==> Creating updated database file '/var/home/visnudeva/code/GITHUB/SweetPotatOs/repo/sweetpotatos.db.tar.gz'
[*] Building SweetPotatOs ISO (profile: /var/home/visnudeva/code/GITHUB/SweetPotatOs/profile)...
[mkarchiso] INFO: Validating options...
[mkarchiso] INFO: 'edk2-shell' is not in the package list. The ISO will not contain a bootable UEFI shell.
[mkarchiso] INFO: Done!
[mkarchiso] INFO: mkarchiso configuration settings
[mkarchiso] INFO:              Architecture:   x86_64
[mkarchiso] INFO:         Working directory:   /var/home/visnudeva/code/GITHUB/SweetPotatOs/work
[mkarchiso] INFO:    Installation directory:   spotato
[mkarchiso] INFO:                Build date:   2026-08-19T13:12+0000
[mkarchiso] INFO:          Output directory:   /var/home/visnudeva/code/GITHUB/SweetPotatOs/out
[mkarchiso] INFO:        Current build mode:   iso
[mkarchiso] INFO:               Build modes:   iso
[mkarchiso] INFO:                   GPG key:   None
[mkarchiso] INFO:                GPG signer:   None
[mkarchiso] INFO: Code signing certificates:   None
[mkarchiso] INFO:                   Profile:   /var/home/visnudeva/code/GITHUB/SweetPotatOs/profile
[mkarchiso] INFO: Pacman configuration file:   /var/home/visnudeva/code/GITHUB/SweetPotatOs/profile/pacman.conf
[mkarchiso] INFO:           Image file name:   SweetPotatOs-2026.08.19-x86_64.iso
[mkarchiso] INFO:          ISO volume label:   SPOTATO_202608
[mkarchiso] INFO:             ISO publisher:   SweetPotatOs
[mkarchiso] INFO:           ISO application:   SweetPotatOs Live
[mkarchiso] INFO:                Boot modes:   bios.syslinux uefi.systemd-boot
[mkarchiso] INFO:             Packages File:   /var/home/visnudeva/code/GITHUB/SweetPotatOs/profile/packages.x86_64
[mkarchiso] INFO:                  Packages:   alsa-utils amd-ucode arch-install-scripts base bcachefs-tools bind bolt btrfs-progs cryptsetup darkhttpd dhcpcd diffutils dmidecode dmraid dosfstools e2fsprogs efibootmgr ethtool exfatprogs f2fs-tools fatresize foot-terminfo fsarchiver gpart gptfdisk grml-zsh-config grub hdparm intel-ucode iw jfsutils ldns less libfido2 plymouth linux linux-firmware linux-firmware-marvell linux-firmware-whence livecd-sounds lsscsi lvm2 man-db mdadm memtest86+ memtest86+-efi mkinitcpio mkinitcpio-archiso mkinitcpio-nfs-utils mmc-utils modemmanager mtools nano nbd ndisc6 nfs-utils nilfs-utils ntfsprogs nvme-cli openssh partclone parted partimage pcsclite reflector rsync sg3_utils smartmontools sof-firmware squashfs-tools sudo syslinux systemd-resolvconf terminus-font testdisk tmux udftools usb_modeswitch usbutils vim wireless-regdb wpa_supplicant xdg-utils xfsprogs zsh mesa vulkan-intel vulkan-radeon xf86-video-amdgpu calamares qt6-base qt5-base accountsservice swirl sway swaybg swayidle swaylock lua foot wmenu j4-dmenu-desktop jq grim slurp wf-recorder wl-clipboard thunar thunar-volman thunar-archive-plugin gvfs gvfs-mtp gvfs-smb gvfs-gphoto2 simple-scan sane cups cups-filters system-config-printer nwg-look firefox geany galculator gnome-disk-utility swayimg mpv mpv-mpris yt-dlp ffmpeg mupdf audacious audacious-plugins audacity gimp transmission-gtk guvcview hyprpicker unzip zip 7zip hunspell hunspell-en_us hunspell-fr-revised pipewire pipewire-pulse wireplumber pavucontrol nwg-displays kanshi wlr-randr xdg-desktop-portal xdg-desktop-portal-wlr xdg-desktop-portal-gtk bubblewrap brightnessctl playerctl networkmanager network-manager-applet networkmanager-dmenu blueman bluez bluez-utils mako udiskie file-roller xdg-user-dirs qt6-wayland btop cliphist yay-bin shelly-bin tera waypaper base-devel git pacman-contrib fzf github-cli wget python power-profiles-daemon gtk3 gtk4 gnome-themes-extra papirus-icon-theme capitaine-cursors xsettingsd xfconf dconf noto-fonts noto-fonts-emoji xorg-xwayland xorg-xhost xcb-util-cursor polkit-gnome wireless_tools libnotify fastfetch chafa imagemagick ly
[mkarchiso] INFO: Copying custom pacman.conf to work directory...
[mkarchiso] INFO: Using pacman CacheDir: /var/cache/pacman/pkg/ 
[mkarchiso] INFO: Copying custom airootfs files...
[mkarchiso] WARNING: Cannot change permissions of '/var/home/visnudeva/code/GITHUB/SweetPotatOs/work/x86_64/airootfs/etc/skel/.config/swirl/scripts/ensure-wallpaper.sh'. The file or directory does not exist.
[mkarchiso] WARNING: Cannot change permissions of '/var/home/visnudeva/code/GITHUB/SweetPotatOs/work/x86_64/airootfs/etc/skel/.config/swirl/scripts/wallpaper.sh'. The file or directory does not exist.
[mkarchiso] WARNING: Cannot change permissions of '/var/home/visnudeva/code/GITHUB/SweetPotatOs/work/x86_64/airootfs/home/liveuser/.config/swirl/scripts/ensure-wallpaper.sh'. The file or directory does not exist.
[mkarchiso] WARNING: Cannot change permissions of '/var/home/visnudeva/code/GITHUB/SweetPotatOs/work/x86_64/airootfs/home/liveuser/.config/swirl/scripts/wallpaper.sh'. The file or directory does not exist.
[mkarchiso] INFO: Done!
[mkarchiso] INFO: Installing packages to '/var/home/visnudeva/code/GITHUB/SweetPotatOs/work/x86_64/airootfs/'...
==> Creating install root at /var/home/visnudeva/code/GITHUB/SweetPotatOs/work/x86_64/airootfs
==> Installing packages to /var/home/visnudeva/code/GITHUB/SweetPotatOs/work/x86_64/airootfs
:: Synchronizing package databases...
 core downloading...
 extra downloading...
 sweetpotatos downloading...
resolving dependencies...
:: There are 2 providers available for libxtables.so=12-64:
:: Repository core
   1) iptables  2) iptables-legacy

Enter a number (default=1): 
:: There are 2 providers available for jack:
:: Repository extra
   1) jack2  2) pipewire-jack

Enter a number (default=1): 
:: There are 128 providers available for tessdata:
:: Repository extra
   1) tesseract-data-afr  2) tesseract-data-amh  3) tesseract-data-ara  4) tesseract-data-asm  5) tesseract-data-aze  6) tesseract-data-aze_cyrl  7) tesseract-data-bel  8) tesseract-data-ben  9) tesseract-data-bod  10) tesseract-data-bos  11) tesseract-data-bre  12) tesseract-data-bul  13) tesseract-data-cat  14) tesseract-data-ceb  15) tesseract-data-ces  16) tesseract-data-chi_sim  17) tesseract-data-chi_sim_vert  18) tesseract-data-chi_tra  19) tesseract-data-chi_tra_vert  20) tesseract-data-chr  21) tesseract-data-cos  22) tesseract-data-cym  23) tesseract-data-dan  24) tesseract-data-dan_frak  25) tesseract-data-deu  26) tesseract-data-deu_frak  27) tesseract-data-div  28) tesseract-data-dzo  29) tesseract-data-ell  30) tesseract-data-eng  31) tesseract-data-enm  32) tesseract-data-epo  33) tesseract-data-equ  34) tesseract-data-est  35) tesseract-data-eus  36) tesseract-data-fao  37) tesseract-data-fas  38) tesseract-data-fil  39) tesseract-data-fin  40) tesseract-data-fra  41) tesseract-data-frk  42) tesseract-data-frm  43) tesseract-data-fry  44) tesseract-data-gla  45) tesseract-data-gle  46) tesseract-data-glg  47) tesseract-data-grc  48) tesseract-data-guj  49) tesseract-data-hat  50) tesseract-data-heb  51) tesseract-data-hin  52) tesseract-data-hrv  53) tesseract-data-hun  54) tesseract-data-hye  55) tesseract-data-iku  56) tesseract-data-ind  57) tesseract-data-isl  58) tesseract-data-ita  59) tesseract-data-ita_old  60) tesseract-data-jav  61) tesseract-data-jpn  62) tesseract-data-jpn_vert  63) tesseract-data-kan  64) tesseract-data-kat  65) tesseract-data-kat_old  66) tesseract-data-kaz  67) tesseract-data-khm  68) tesseract-data-kir  69) tesseract-data-kmr  70) tesseract-data-kor  71) tesseract-data-kor_vert  72) tesseract-data-lao  73) tesseract-data-lat  74) tesseract-data-lav  75) tesseract-data-lit  76) tesseract-data-ltz  77) tesseract-data-mal  78) tesseract-data-mar  79) tesseract-data-mkd  80) tesseract-data-mlt  81) tesseract-data-mon  82) tesseract-data-mri  83) tesseract-data-msa  84) tesseract-data-mya  85) tesseract-data-nep  86) tesseract-data-nld  87) tesseract-data-nor  88) tesseract-data-oci  89) tesseract-data-ori  90) tesseract-data-pan  91) tesseract-data-pol  92) tesseract-data-por  93) tesseract-data-pus  94) tesseract-data-que  95) tesseract-data-ron  96) tesseract-data-rus  97) tesseract-data-san  98) tesseract-data-sin  99) tesseract-data-slk  100) tesseract-data-slk_frak  101) tesseract-data-slv  102) tesseract-data-snd  103) tesseract-data-spa  104) tesseract-data-spa_old  105) tesseract-data-sqi  106) tesseract-data-srp  107) tesseract-data-srp_latn  108) tesseract-data-sun  109) tesseract-data-swa  110) tesseract-data-swe  111) tesseract-data-syr  112) tesseract-data-tam  113) tesseract-data-tat  114) tesseract-data-tel  115) tesseract-data-tgk  116) tesseract-data-tgl  117) tesseract-data-tha  118) tesseract-data-tir  119) tesseract-data-ton  120) tesseract-data-tur  121) tesseract-data-uig  122) tesseract-data-ukr  123) tesseract-data-urd  124) tesseract-data-uzb  125) tesseract-data-uzb_cyrl  126) tesseract-data-vie  127) tesseract-data-yid  128) tesseract-data-yor

Enter a number (default=1): 
looking for conflicting packages...

Packages (850) aalib-1.4rc5-19  abseil-cpp-20260526.0-2  acl-2.4.0-1  adwaita-cursors-50.0-1  adwaita-fonts-50.0-1  adwaita-icon-theme-50.0-1  adwaita-icon-theme-legacy-46.2-3  alsa-card-profiles-1:1.6.8-1  alsa-lib-1.2.16.1-1  alsa-topology-conf-1.2.5.1-4  alsa-ucm-conf-1.2.16.1-1  aml-1.0.0-1  aom-3.14.1-1  appstream-1.1.6-1  archlinux-keyring-20260727-1  at-spi2-core-2.60.6-1  attr-2.6.0-1  audit-4.2.1-1  autoconf-2.73-1  automake-1.18.1-1  avahi-1:0.9rc5-1  babl-0.1.128-1  bash-5.3.15-1  binutils-2.47-4  bison-3.8.2-8  blas-3.12.1-2  bluez-libs-5.87-2  boost-libs-1.91.0-2  brotli-1.2.0-1  bzip2-1.0.8-6  ca-certificates-20240618-1  ca-certificates-mozilla-3.127-1  ca-certificates-utils-20240618-1  cairo-1.18.4-1  cairomm-1.16-1.18.1-1  cblas-3.12.1-2  cifs-utils-7.5-1  cmark-gfm-0.29.0.gfm.13-2  colord-1.4.8-1  colord-sane-1.4.8-1  confuse-3.4-1  coreutils-9.11-2  cpio-2.15-3  cracklib-2.10.3-1  curl-8.21.0-1  dav1d-1.5.4-1  db5.3-5.3.28-7  dbus-1.16.2-1  dbus-broker-37-3  dbus-broker-units-37-3  dbus-units-37-3  debugedit-5.3-2  default-cursors-3-1  deno-2.9.5-1  desktop-file-utils-0.28-1  device-mapper-2.03.42-1  ding-libs-0.7.0-1  dnssec-anchors-20250524-1  double-conversion-3.4.0-1  duktape-2.7.0-7  efivar-39-2  elfutils-0.196-1  exiv2-0.28.8-2  exo-4.20.0-2  expat-2.8.3-1  faad2-2.11.2-1  fakeroot-1:1.37.2-3  fcft-3.3.3-1  fftw-3.3.11-1  file-5.48-1  filesystem-2025.10.12-1  findutils-4.11.0-1  flac-1.5.0-1  flex-2.6.4-6  fluidsynth-2.6.0-1  fmt-12.2.0-1  fontconfig-2:2.18.3-1  freeglut-3.8.0-1  freetype2-2.14.3-1  fribidi-1.0.16-2  fuse-common-3.18.2-1  fuse2-2.9.9-6  fuse3-3.18.2-1  gawk-5.4.1-1  gc-8.2.12-1  gcc-16.2.1+r23+gd564253eb6c8-1  gcc-libs-16.2.1+r23+gd564253eb6c8-1  gcr-4-4.4.0.1-1  gd-2.3.3-9  gdb-17.2-1  gdb-common-17.2-1  gdbm-1.26-2  gdk-pixbuf2-2.44.7-1  gegl-0.4.70-3  gettext-1.0-2  gexiv2-common-0.16.2-2  giflib-6.1.3-2  glib-networking-1:2.80.1-1  glib2-2.88.3-1  glibc-2.44+r24+g16be1518495f-1  glibmm-2.68-2.88.1-1  glslang-1:1.4.357.0-1  glu-9.0.3-3  glycin-2.1.5-2  gmp-6.3.0-3  gnulib-l10n-20241231-1  gnupg-2.4.9-3  gnutls-3.8.13-2  gobject-introspection-runtime-1.86.0-2  gperftools-2.18.1-1  gpgme-2.1.2-1  gpgmepp-2.1.0-1  gpm-1.20.7.r38.ge82d1a6-6  graphene-1.10.8-2  graphite-1:1.3.15-1  grep-3.12-2  groff-1.24.1-1  gsettings-desktop-schemas-50.1-1  gsettings-system-schemas-50.1-1  gsl-2.8-1  gsm-1.0.24-1  gssdp-1.6.6-1  gssproxy-0.9.2-3  gst-plugins-bad-libs-1.28.6-1  gst-plugins-base-libs-1.28.6-1  gstreamer-1.28.6-1  gtest-1.17.0-2  gtk-layer-shell-0.10.1-1  gtk-update-icon-cache-1:4.22.4-1  gtkmm-4.0-4.22.0-2  guile-3.0.11-1  gumbo-parser-0.13.2-1  gupnp-1:1.6.10-1  gupnp-igd-1.6.0-2  guvcview-common-2.2.2-4  gzip-1.14-2  harfbuzz-14.3.1-1  hicolor-icon-theme-0.18-1  hidapi-0.15.0-1  highway-1.4.0-1  hwdata-0.410-1  hwloc-2.14.0-1  hyprutils-0.14.1-1  hyprwayland-scanner-0.4.6-1  iana-etc-20260530-1  icu-78.3-1  imath-3.2.2-6  iproute2-7.2.0-1  iptables-1:1.8.13-1  iputils-20250605-1  iso-codes-4.20.1-1  jack2-1.9.22-2  jansson-2.15.0-1  jasper-4.2.9-1  jbig2dec-0.20-2  jbigkit-2.1-8  jemalloc-1:5.3.1-3  json-c-0.19-1  json-glib-1.10.8-1  kbd-2.10.0-1  kcoreaddons-6.29.0-1  keyutils-1.6.3-4  ki18n-6.29.0-1  kmod-34.2-1  kpmcore-26.04.3-1  krb5-1.22.2-1  kwidgetsaddons-6.29.0-1  l-smash-2.14.5-4  lame-4.0-1  lapack-3.12.1-2  lcms2-2.19.1-1  ldb-2:4.24.6-1  leancrypto-1.8.0-1  lensfun-1:0.3.4-6  leptonica-1.87.0-1  libadwaita-1:1.9.3-1  libaio-0.3.113-4  libappindicator-12.10.1-1  libarchive-3.8.9-1  libasan-16.2.1+r23+gd564253eb6c8-1  libass-0.17.5-1  libassuan-3.0.0-1  libasyncns-1:0.8+r3+g68cd5af-3  libatasmart-0.19-8  libatomic-16.2.1+r23+gd564253eb6c8-1  libavc1394-0.5.4-7  libavif-1.4.2-1  libb2-0.98.1-3  libb64-1.2.1-5  libblake3-1.8.4-1  libblockdev-3.5.0-2  libblockdev-crypto-3.5.0-2  libblockdev-fs-3.5.0-2  libblockdev-loop-3.5.0-2  libblockdev-mdraid-3.5.0-2  libblockdev-nvme-3.5.0-2  libblockdev-part-3.5.0-2  libblockdev-smart-3.5.0-2  libblockdev-swap-3.5.0-2  libbluray-1.4.1-1  libbpf-1.7.0-1  libbs2b-3.1.0-10  libbsd-0.12.2-2  libbytesize-2.12-3  libcanberra-1:0.30+r2+gc0620e4-6  libcap-2.78-1  libcap-ng-0.9.3-1  libcbor-0.14.0-1  libcddb-1.3.2-9  libcdio-2.3.0-1  libcdio-paranoia-10.2+2.0.2-2  libcloudproviders-0.4.0-1  libcolord-1.4.8-1  libcue-2.3.0-2  libcups-2:2.4.19-1  libcupsfilters-2.1.1-4  libdaemon-0.14-6  libdatrie-0.2.14-1  libdbusmenu-glib-18.10.20180917-1  libdbusmenu-gtk3-18.10.20180917-1  libde265-1.1.1-1  libdecor-0.2.5-1  libdeflate-1.25-1  libdisplay-info-0.3.0-1  libdovi-3.4.0-1  libdrm-2.4.134-1  libdvdnav-7.0.0-1  libdvdread-7.1.1-1  libebur128-1.2.6-2  libedit-20260512_3.1-1  libei-1.6.0-1  libelf-0.196-1  libepoxy-1.5.10-3  libevdev-1.13.7-1  libevent-2.1.13-2  libexif-0.6.26-1  libexsid-2.1-1  libfdk-aac-2.0.3-2  libffi-3.8.0-1  libfontenc-1.1.9-1  libfreeaptx-0.2.2-1  libftdi-1.5-10  libfyaml-0.9.6-3  libgcc-16.2.1+r23+gd564253eb6c8-1  libgcrypt-1.12.2-1  libgexiv2-0.14.7-1  libgfortran-16.2.1+r23+gd564253eb6c8-1  libgirepository-1.86.0-2  libglvnd-1.7.0-3  libgomp-16.2.1+r23+gd564253eb6c8-1  libgpg-error-1.61-1  libgphoto2-2.5.34-1  libgtop-2.41.3-2  libgudev-238-3  libgusb-0.4.9-2  libhandy-1.8.3-2  libheif-1.23.1-4  libhwasan-16.2.1+r23+gd564253eb6c8-1  libice-1.1.2-1  libid3tag-0.16.4-1  libidn2-2.3.8-1  libiec61883-1.2.0-9  libieee1284-0.2.11-19  libimagequant-4.4.1-2  libimobiledevice-1.4.0-2  libimobiledevice-glue-1.3.2-1  libinih-62-2  libinput-1.31.3-1  libisl-0.28-1  libjpeg-turbo-3.2.0-2  libjxl-0.12.0-1  libksba-1.8.0-1  liblc3-1.1.3-2  libldac-2.0.2.6-1  libldap-2.6.13-1  libliftoff-0.5.0-1  liblqr-0.4.3-1  liblsan-16.2.1+r23+gd564253eb6c8-1  libmakepkg-dropins-20-2  libmaxminddb-1.13.3-1  libmbim-1.34.0-1  libmd-1.2.0-1  libmm-glib-1.24.2-1  libmms-0.6.4-6  libmng-2.0.3-4  libmnl-1.0.5-2  libmodplug-0.8.9.0-7  libmpc-1.4.1-1  libmspack-1:1.11-2  libmtp-1.1.23-1  libmupdf-1.28.0-1  libmypaint-1.6.1-2  libmysofa-1.3.4-1  libnatpmp-20230423-3  libnautilus-extension-50.2.2-1  libndp-1.9-1  libnetfilter_conntrack-1.1.1-1  libnewt-0.52.25-2  libnfnetlink-1.0.2-2  libnftnl-1.3.1-1  libnghttp2-1.70.0-1  libnghttp3-1.18.0-1  libngtcp2-1.25.0-1  libnice-0.1.23-1  libnl-3.12.0-1  libnm-1.58.0-1  libnma-1.10.6-3  libnma-common-1.10.6-3  libnsl-2.0.1-2  libntfs-3g-2026.7.7-1  libnvme-1.16.2-2  libobjc-16.2.1+r23+gd564253eb6c8-1  libogg-1.3.6-1  libopenmpt-0.8.8-1  libp11-kit-0.26.5-1  libpaper-2.2.8-1  libpcap-1.10.6-1  libpciaccess-0.19-1  libpgm-5.3.128-4  libpipeline-1.5.8-1  libpipewire-1:1.6.8-1  libplacebo-7.360.1-6  libplist-2.7.0-3  libpng-1.6.58-2  libppd-2.1.1-2  libproxy-0.5.12-1  libpsl-0.21.5-2  libpulse-17.0+r98+gb096704c0-1  libpwquality-1.4.5-7  libqmi-1.38.0-1  libqrtr-glib-1.4.0-1  libquadmath-16.2.1+r23+gd564253eb6c8-1  libraqm-0.11.0-1  libraw-0.22.2-1  libraw1394-2.1.2-4  libresidfp-1.2.1-1  librsvg-2:2.62.3-1  libsamplerate-0.2.2-3  libsasl-2.1.28-5  libsbsms-2.3.0-6  libscfg-0.2.0-1  libseccomp-2.6.0-1  libsecret-0.21.7-1  libsidplayfp-3.1.0-1  libsigc++-3.0-3.8.1-1  libsixel-1.10.5-1  libsm-1.2.6-1  libsndfile-1.2.2-4  libsodium-1.0.22-1  libsoup3-3.6.6-2  libsoxr-0.1.3-5  libspiro-1:20240903-1  libssh-0.12.2-1  libssh2-1.11.1-7  libstdc++-16.2.1+r23+gd564253eb6c8-1  libstemmer-3.1.1-1  libsysprof-capture-50.0-6  libtasn1-4.21.0-1  libtatsu-1.0.5-1  libteam-1.32-3  libthai-0.1.30-1  libtheora-1.2.0-1  libtiff-4.7.2-1  libtirpc-1.3.7-1  libtool-2.6.2-5  libtsan-16.2.1+r23+gd564253eb6c8-1  libubsan-16.2.1+r23+gd564253eb6c8-1  libunibreak-7.0-1  libunistring-1.4.2-1  libunwind-1.8.2-1  liburcu-0.15.6-1  liburing-2.15-1  libusb-1.0.30-1  libusb-compat-0.1.9-1  libusbmuxd-2.1.1-2  libutempter-1.2.3-1  libutf8proc-2.11.3-1  libuv-1.52.1-1  libva-2.24.1-1  libvdpau-1.5-4  libverto-0.3.2-6  libvorbis-1.3.7-4  libvpl-2.17.0-1  libvpx-1.16.0-3  libwacom-2.19.1-1  libwbclient-2:4.24.6-1  libwebp-1.6.0-2  libwireplumber-0.5.15-1  libwmf-0.2.15-1  libx11-1.8.13-1  libxau-1.0.12-1  libxcb-1.17.0-1  libxcomposite-0.4.7-1  libxcrypt-4.5.2-1  libxcursor-1.2.3-1  libxcvt-0.1.3-1  libxdamage-1.1.7-1  libxdmcp-1.1.5-2  libxext-1.3.7-1  libxfce4ui-4.20.2-1  libxfce4util-4.20.1-1  libxfixes-6.0.2-1  libxfont2-2.0.9-1  libxft-2.3.9-1  libxi-1.8.3-1  libxinerama-1.1.6-1  libxkbcommon-1.13.2-1  libxkbcommon-x11-1.13.2-1  libxkbfile-1.2.0-1  libxml2-2.15.3-1  libxmlb-0.3.29-1  libxmu-1.3.1-1  libxpm-3.5.19-1  libxpresent-1.0.2-1  libxrandr-1.5.5-1  libxrender-0.9.12-1  libxshmfence-1.3.3-1  libxslt-1.1.45-2  libxss-1.2.5-1  libxt-1.3.1-1  libxtst-1.2.5-1  libxv-1.0.13-1  libxxf86vm-1.1.7-1  libyaml-0.2.5-3  libyuv-r2921+644251f25-1  licenses-20240728-1  lilv-0.28.0-1  linux-api-headers-7.2-1  linux-firmware-amdgpu-20260810-2  linux-firmware-atheros-20260810-2  linux-firmware-broadcom-20260810-2  linux-firmware-cirrus-20260810-2  linux-firmware-intel-20260810-2  linux-firmware-mediatek-20260810-2  linux-firmware-nvidia-20260810-2  linux-firmware-other-20260810-2  linux-firmware-radeon-20260810-2  linux-firmware-realtek-20260810-2  lirc-1:0.10.2-6  llvm-libs-22.1.8-2  lm_sensors-1:3.6.2-1  lmdb-0.9.35-1  lua54-5.4.8-6  luajit-2.1.1787058514+27f169c-1  lv2-1.18.10-2  lz4-1:1.10.0-2  lzo-2.10-5  m4-1.4.21-2  mailcap-2.1.54-2  make-4.4.1-3  md4c-0.5.3-1  miniupnpc-2.3.3-3  mkinitcpio-busybox-1.36.1-1  mobile-broadband-provider-info-20251101-1  mpdecimal-4.0.1-3  mpfr-4.2.2-1  mpg123-1.33.7-1  mtdev-1.1.7-1  mujs-1.3.9-1  mypaint-brushes-2.0.2-2  mypaint-brushes1-1.3.1-2  ncurses-6.6-2  neon-0.37.1-1  net-snmp-5.9.5.2-1  nettle-4.0-1  nfsidmap-2.9.2-1  nftables-1:1.1.6-3  nm-connection-editor-1.36.0-2  npth-1.8-1  nspr-4.40-1  nss-3.127-1  ntfs-3g-2026.7.7-1  ocl-icd-2.3.5-1  onetbb-2023.1.0-1  oniguruma-6.9.10-1  openal-1.25.2-2  opencore-amr-0.1.6-2  openexr-3.4.14-1  openh264-2.6.0-2  openjpeg2-2.5.4-1  openjph-0.31.0-1  openssl-3.6.3-1  opus-1.6.1-1  opusfile-0.12-4  orc-0.4.42-1  p11-kit-0.26.5-1  pacman-7.1.0.r9.g54d9411-2  pacman-mirrorlist-20260610-1  pam-1.7.2-2  pambase-20260616-1  pango-1:1.58.2-1  pangomm-2.48-2.56.2-1  patch-2.8-1  pciutils-3.15.0-1  pcre-8.45-5  pcre2-10.47-1  perl-5.42.2-2  perl-error-0.17030-3  perl-mailtools-2.22-3  perl-timedate-2.35-1  pinentry-1.3.3-1  pipewire-audio-1:1.6.8-1  pixman-0.46.4-1  pkgconf-3.0.5-1  polkit-127-3  polkit-qt6-0.201.1-1  poppler-26.07.0-1  poppler-data-0.4.12-2  poppler-glib-26.07.0-1  popt-1.19-2  portaudio-1:19.7.0-4  portmidi-1:2.0.8-1  portsmf-234-3  ppp-2.5.3-1  procps-ng-4.0.7-1  psmisc-23.7-2  pugixml-1.16-1  python-cairo-1.29.1-1  python-certifi-2026.07.22-1  python-charset-normalizer-3.4.7-1  python-dbus-1.4.0-2  python-docopt-0.6.2-15  python-gobject-3.56.3-1  python-i3ipc-2.2.1-9  python-idna-3.18-1  python-imageio-2.37.4-1  python-imageio-ffmpeg-0.6.0-2  python-numpy-2.5.2-1  python-packaging-26.3-1  python-pillow-12.3.0-1  python-platformdirs-4.11.3-1  python-pycups-2.0.4-4  python-requests-2.34.2-1  python-screeninfo-0.8.1-2  python-six-1.17.0-3  python-urllib3-2.7.0-1  python-xlib-0.33-7  python-yaml-6.0.3-2  qpdf-12.3.2-2  qt5-translations-5.15.19-1  qt5-x11extras-5.15.19-1  qt6-declarative-6.11.1-3  qt6-imageformats-6.11.1-1  qt6-svg-6.11.1-1  qt6-translations-6.11.1-1  rav1e-0.8.1-3  readline-8.3.003-1  rpcbind-1.2.9-1  rubberband-4.0.0-2  sbc-2.2-1  sdl2-compat-2.32.70-1  sdl3-3.4.14-1  seatd-0.9.3-1  sed-4.10-2  serd-0.32.10-1  shaderc-2026.3-1  shadow-4.20.0.arch1-1  shared-mime-info-2.5.1-2  slang-2.3.3-4  smbclient-2:4.24.6-1  snappy-1.2.2-3  sndio-1.10.0-1  sord-0.16.22-1  sound-theme-freedesktop-0.8-6  soundtouch-2.4.1-1  source-highlight-3.1.9-18  spandsp-0.0.6-7  spdlog-1.17.0-2  speex-1.2.1-2  speexdsp-1.2.1-2  spirv-tools-1:1.4.357.0-1  sqlite-3.53.4-1  sratom-0.6.22-1  srt-1.5.6-1  startup-notification-0.12-9  suil-0.10.26-1  suitesparse-7.14.0-1  svt-av1-4.2.0-1  sysfsutils-2.1.1-2  systemd-261.2-1  systemd-libs-261.2-1  systemd-sysvcompat-261.2-1  talloc-2.5.0-1  tar-1.35-3  tcl-8.6.16-1  tdb-1.4.15-1  tesseract-5.5.3-1  tesseract-data-afr-2:4.1.0-5  tesseract-data-osd-2:4.1.0-5  tevent-1:0.17.2-1  texinfo-7.3-1  thin-provisioning-tools-1.3.3-1  tinysparql-3.11.1-1  tpm2-tss-4.2.0-2  tslib-1.24-1  twolame-0.4.0-4  tzdata-2026c-1  uchardet-0.0.8-4  udisks2-2.11.2-1  upower-1.91.3-1  util-linux-2.42.2-1  util-linux-libs-2.42.2-1  v4l-utils-1.32.0-2  vali-0.1.1-2  vamp-plugin-sdk-1:2.10-1  vapoursynth-77-2  vid.stab-1.1.1-3  vim-runtime-9.2.0849-1  vmaf-3.2.0-1  volume_key-0.3.12-12  vulkan-icd-loader-1.4.357.0-1  vulkan-mesa-implicit-layers-1:26.1.7-1  wavpack-5.9.0-1  wayland-1.26.0-1  wayland-protocols-1.49-1  webrtc-audio-processing-1-1.3-5  which-2.25-1  wlroots0.20-0.20.2-1  wxwidgets-common-3.2.11-2  wxwidgets-gtk3-3.2.11-2  x264-3:0.165.r3222.b35605a-2  x265-4.3-1  xcb-proto-1.17.0-4  xcb-util-0.4.1-2  xcb-util-errors-1.0.1-2  xcb-util-image-0.4.1-3  xcb-util-keysyms-0.4.1-5  xcb-util-renderutil-0.3.10-2  xcb-util-wm-0.4.2-2  xcur2png-0.7.1-9  xkeyboard-config-2.48-1  xorg-fonts-encodings-1.1.0-2  xorg-server-common-21.1.24-1  xorg-setxkbmap-1.3.5-1  xorg-xkbcomp-1.5.0-1  xorg-xprop-1.2.8-1  xorgproto-2025.1-1  xvidcore-1.3.7-4  xxhash-0.8.3-1  xz-5.8.3-1  yaml-cpp-0.9.0-1  yt-dlp-ejs-0.8.0-1  yyjson-0.12.0-1  zeromq-4.3.5-3  zimg-3.0.6-2  zix-0.8.2-1  zlib-1:1.3.2-3  zlib-ng-2.3.3-1  zstd-1.5.7-3  7zip-26.02-1  accountsservice-26.27.3-1  alsa-utils-1.2.16-1  amd-ucode-20260810-2  arch-install-scripts-31-2  audacious-4.6.1-2  audacious-plugins-4.6.1-4  audacity-1:3.7.8-4  base-3-3  base-devel-1-2  bcachefs-tools-3:1.39.2-1  bind-9.20.26-1  blueman-2.4.6-2  bluez-5.87-2  bluez-utils-5.87-2  bolt-0.9.11-3  brightnessctl-0.5.1-3  btop-1.4.7-1  btrfs-progs-7.1-1  bubblewrap-0.11.2-1  calamares-3.4.2-2  capitaine-cursors-4-3  chafa-1.18.2-2  cliphist-1:0.7.0-2  cryptsetup-2.8.7-1  cups-2:2.4.19-1  cups-filters-2.0.1-2  darkhttpd-1.17-1  dconf-0.49.0-1  dhcpcd-10.5.0-1  diffutils-3.12-2  dmidecode-3.7-1  dmraid-1.0.0.rc16.3-15  dosfstools-4.2-5  e2fsprogs-1.47.4-1  efibootmgr-18-4  ethtool-1:7.1-1  exfatprogs-1.4.3-1  f2fs-tools-1.16.0-3  fastfetch-2.67.1-1  fatresize-1.1.0-2  ffmpeg-2:9.0.1-1  file-roller-44.7-1  firefox-154.0-1  foot-1.27.0-2  foot-terminfo-1.27.0-2  fsarchiver-0.8.9-1  fzf-0.74.3-1  galculator-2.1.4-10  geany-2.1-2  gimp-3.2.4-2  git-2.55.0-1  github-cli-2.97.0-1  gnome-disk-utility-46.1-3  gnome-themes-extra-1:3.28-1  gpart-0.3-6  gptfdisk-1.0.10-2  grim-1.5.0-2  grml-zsh-config-0.20.1-1  grub-2:2.14-1  gtk3-1:3.24.52-1  gtk4-1:4.22.4-1  guvcview-2.2.2-4  gvfs-1.60.2-1  gvfs-gphoto2-1.60.2-1  gvfs-mtp-1.60.2-1  gvfs-smb-1.60.2-1  hdparm-9.65-3  hunspell-1.7.3-1  hunspell-en_us-2026.02.25-1  hunspell-fr-revised-7.7-2  hyprpicker-0.4.7-3  imagemagick-7.1.2.29-2  intel-ucode-20260812-1  iw-6.17-1  j4-dmenu-desktop-3.2-7  jfsutils-1.1.15-9  jq-1.8.2-1  kanshi-1.9.0-1  ldns-1.9.2-1  less-1:704-1  libfido2-1.17.0-1  libnotify-0.8.8-1  linux-7.1.8.arch1-3  linux-firmware-20260810-2  linux-firmware-marvell-20260810-2  linux-firmware-whence-20260810-2  livecd-sounds-1.0-3  lsscsi-0.32-2  lua-5.5.1-1  lvm2-2.03.42-1  ly-1.4.1-1  mako-1.11.0-1  man-db-2.13.1-2  mdadm-4.6-2  memtest86+-7.20-2  memtest86+-efi-7.20-2  mesa-1:26.1.7-1  mkinitcpio-41.1-1  mkinitcpio-archiso-73-1  mkinitcpio-nfs-utils-0.3-8  mmc-utils-1.0-1  modemmanager-1.24.2-1  mpv-1:0.41.0-4  mpv-mpris-1.2-2  mtools-1:4.0.49-1  mupdf-1.28.0-1  nano-9.2-1  nbd-3.27.1-4  ndisc6-1.0.8-1  network-manager-applet-1.36.0-2  networkmanager-1.58.0-1  networkmanager-dmenu-2.6.3-1  nfs-utils-2.9.2-1  nilfs-utils-2.3.1-1  noto-fonts-1:2026.08.01-1  noto-fonts-emoji-1:2.051-1  ntfsprogs-2026.7.7-1  nvme-cli-2.16-2  nwg-displays-0.4.3-1  nwg-look-1.1.1-3  openssh-10.5p1-1  pacman-contrib-1.13.1-1  papirus-icon-theme-20260801-1  partclone-0.3.48-1  parted-3.7-1  partimage-0.6.9-16  pavucontrol-1:6.2-1  pcsclite-2.5.1-1  pipewire-1:1.6.8-1  pipewire-pulse-1:1.6.8-1  playerctl-2.4.1-5  plymouth-26.134.222-2  polkit-gnome-0.105-12  power-profiles-daemon-0.30-1  python-3.14.7-1  qt5-base-5.15.19+kde+r96-1  qt6-base-6.11.1-1  qt6-wayland-6.11.1-1  reflector-2023-5  rsync-3.5.0-1  sane-1.4.0-4  sg3_utils-1.49-1  shelly-bin-3.0.6-1  simple-scan-50.0-1  slurp-1.5.0-2  smartmontools-7.5-1  sof-firmware-2025.12.2-1  squashfs-tools-4.7.5-1  sudo-1.9.17.p2-6  sway-1:1.12-4  swaybg-1.2.2-1  swayidle-1.9.0-1  swayimg-5.5-1  swaylock-1.8.6-1  swirl-1.13.0.r8567.gcd070469-2  syslinux-6.04.pre3.r3.g05ac953c-5  system-config-printer-1.5.18-6  systemd-resolvconf-261.2-1  tera-3.11.0-1  terminus-font-4.49.1-8  testdisk-7.2-4  thunar-4.20.9-1  thunar-archive-plugin-0.6.0-1  thunar-volman-4.20.0-2  tmux-3.7_c-1  transmission-gtk-4.1.3-2  udftools-2.3-3  udiskie-2.7.0-2  unzip-6.0-23  usb_modeswitch-2.6.2.20251207-1  usbutils-019-1  vim-9.2.0849-1  vulkan-intel-1:26.1.7-1  vulkan-radeon-1:26.1.7-1  waypaper-2.8-1  wf-recorder-0.6.0-2  wget-1.25.0-6  wireless-regdb-2026.05.30-1  wireless_tools-30.pre9-5  wireplumber-0.5.15-1  wl-clipboard-1:2.3.0-1  wlr-randr-0.5.0-1  wmenu-0.2.0-1  wpa_supplicant-2:2.12-1  xcb-util-cursor-0.1.6-1  xdg-desktop-portal-1.22.1-2  xdg-desktop-portal-gtk-1.15.3-1  xdg-desktop-portal-wlr-0.8.2-1  xdg-user-dirs-0.20-1  xdg-utils-1.2.1-2  xf86-video-amdgpu-25.0.0-1  xfconf-4.20.0-2  xfsprogs-7.1.1-1  xorg-xhost-1.0.10-1  xorg-xwayland-24.1.13-1  xsettingsd-1.0.4-1  yay-bin-13.0.1-1  yt-dlp-2026.07.04-1  zip-3.0-14  zsh-5.9.2-1

Total Download Size:   1487.27 MiB
Total Installed Size:  5032.82 MiB

:: Proceed with installation? [Y/n] 
:: Retrieving packages...
 linux-7.1.8.arch1-3-x86_64 downloading...
 linux-firmware-intel-20260810-2-any downloading...
 linux-firmware-nvidia-20260810-2-any downloading...
 firefox-154.0-1-x86_64 downloading...
 linux-firmware-marvell-20260810-2-any downloading...
 linux-firmware-atheros-20260810-2-any downloading...
 llvm-libs-22.1.8-2-x86_64 downloading...
 linux-firmware-mediatek-20260810-2-any downloading...
 deno-2.9.5-1-x86_64 downloading...
 linux-firmware-other-20260810-2-any downloading...
 libmupdf-1.28.0-1-x86_64 downloading...
 noto-fonts-1:2026.08.01-1-any downloading...
 linux-firmware-amdgpu-20260810-2-any downloading...
 gimp-3.2.4-2-x86_64 downloading...
 papirus-icon-theme-20260801-1-any downloading...
 qt6-declarative-6.11.1-3-x86_64 downloading...
 qt6-base-6.11.1-1-x86_64 downloading...
 ffmpeg-2:9.0.1-1-x86_64 downloading...
 qt5-base-5.15.19+kde+r96-1-x86_64 downloading...
 mesa-1:26.1.7-1-x86_64 downloading...
 linux-firmware-broadcom-20260810-2-any downloading...
 intel-ucode-20260812-1-any downloading...
 audacity-1:3.7.8-4-x86_64 downloading...
 icu-78.3-1-x86_64 downloading...
 github-cli-2.97.0-1-x86_64 downloading...
 systemd-261.2-1-x86_64 downloading...
 noto-fonts-emoji-1:2.051-1-any downloading...
 gtk4-1:4.22.4-1-x86_64 downloading...
 gtk3-1:3.24.52-1-x86_64 downloading...
 imagemagick-7.1.2.29-2-x86_64 downloading...
 python-numpy-2.5.2-1-x86_64 downloading...
 vim-runtime-9.2.0849-1-x86_64 downloading...
 grub-2:2.14-1-x86_64 downloading...
 smbclient-2:4.24.6-1-x86_64 downloading...
 linux-firmware-realtek-20260810-2-any downloading...
 util-linux-2.42.2-1-x86_64 downloading...
 openssl-3.6.3-1-x86_64 downloading...
 cups-2:2.4.19-1-x86_64 downloading...
 sway-1:1.12-4-x86_64 downloading...
 glib2-2.88.3-1-x86_64 downloading...
 yt-dlp-2026.07.04-1-any downloading...
 vulkan-intel-1:26.1.7-1-x86_64 downloading...
 lapack-3.12.1-2-x86_64 downloading...
 wxwidgets-gtk3-3.2.11-2-x86_64 downloading...
 yay-bin-13.0.1-1-x86_64 downloading...
 calamares-3.4.2-2-x86_64 downloading...
 tcl-8.6.16-1-x86_64 downloading...
 geany-2.1-2-x86_64 downloading...
 gegl-0.4.70-3-x86_64 downloading...
 tera-3.11.0-1-x86_64 downloading...
 networkmanager-1.58.0-1-x86_64 downloading...
 imath-3.2.2-6-x86_64 downloading...
 glycin-2.1.5-2-x86_64 downloading...
 sane-1.4.0-4-x86_64 downloading...
 tesseract-data-osd-2:4.1.0-5-any downloading...
 iso-codes-4.20.1-1-any downloading...
 tesseract-data-afr-2:4.1.0-5-any downloading...
 vulkan-radeon-1:26.1.7-1-x86_64 downloading...
 opus-1.6.1-1-x86_64 downloading...
 gettext-1.0-2-x86_64 downloading...
 gst-plugins-bad-libs-1.28.6-1-x86_64 downloading...
 wxwidgets-common-3.2.11-2-x86_64 downloading...
 aom-3.14.1-1-x86_64 downloading...
 coreutils-9.11-2-x86_64 downloading...
 linux-firmware-cirrus-20260810-2-any downloading...
 exiv2-0.28.8-2-x86_64 downloading...
 bcachefs-tools-3:1.39.2-1-x86_64 downloading...
 fftw-3.3.11-1-x86_64 downloading...
 glslang-1:1.4.357.0-1-x86_64 downloading...
 shelly-bin-3.0.6-1-x86_64 downloading...
 vim-9.2.0849-1-x86_64 downloading...
 gst-plugins-base-libs-1.28.6-1-x86_64 downloading...
 sqlite-3.53.4-1-x86_64 downloading...
 gnome-themes-extra-1:3.28-1-any downloading...
 librsvg-2:2.62.3-1-x86_64 downloading...
 appstream-1.1.6-1-x86_64 downloading...
 zsh-5.9.2-1-x86_64 downloading...
 linux-firmware-radeon-20260810-2-any downloading...
 wpa_supplicant-2:2.12-1-x86_64 downloading...
 kwidgetsaddons-6.29.0-1-x86_64 downloading...
 adwaita-icon-theme-legacy-46.2-3-any downloading...
 bind-9.20.26-1-x86_64 downloading...
 adwaita-fonts-50.0-1-any downloading...
 gstreamer-1.28.6-1-x86_64 downloading...
 x265-4.3-1-x86_64 downloading...
 spirv-tools-1:1.4.357.0-1-x86_64 downloading...
 net-snmp-5.9.5.2-1-x86_64 downloading...
 libx11-1.8.13-1-x86_64 downloading...
 v4l-utils-1.32.0-2-x86_64 downloading...
 7zip-26.02-1-x86_64 downloading...
 svt-av1-4.2.0-1-x86_64 downloading...
 qt6-translations-6.11.1-1-any downloading...
 libqmi-1.38.0-1-x86_64 downloading...
 bash-5.3.15-1-x86_64 downloading...
 poppler-data-0.4.12-2-any downloading...
 qt5-translations-5.15.19-1-any downloading...
 libjxl-0.12.0-1-x86_64 downloading...
 libwmf-0.2.15-1-x86_64 downloading...
 poppler-26.07.0-1-x86_64 downloading...
 gnutls-3.8.13-2-x86_64 downloading...
 audacious-plugins-4.6.1-4-x86_64 downloading...
 lvm2-2.03.42-1-x86_64 downloading...
 pipewire-audio-1:1.6.8-1-x86_64 downloading...
 sdl3-3.4.14-1-x86_64 downloading...
 colord-1.4.8-1-x86_64 downloading...
 hwdata-0.410-1-any downloading...
 nss-3.127-1-x86_64 downloading...
 fzf-0.74.3-1-x86_64 downloading...
 ki18n-6.29.0-1-x86_64 downloading...
 tesseract-5.5.3-1-x86_64 downloading...
 sof-firmware-2025.12.2-1-x86_64 downloading...
 mpv-1:0.41.0-4-x86_64 downloading...
 pcre2-10.47-1-x86_64 downloading...
 libgphoto2-2.5.34-1-x86_64 downloading...
 rav1e-0.8.1-3-x86_64 downloading...
 thunar-4.20.9-1-x86_64 downloading...
 suitesparse-7.14.0-1-x86_64 downloading...
 babl-0.1.128-1-x86_64 downloading...
 gsl-2.8-1-x86_64 downloading...
 gtkmm-4.0-4.22.0-2-x86_64 downloading...
 capitaine-cursors-4-3-any downloading...
 gawk-5.4.1-1-x86_64 downloading...
 mypaint-brushes-2.0.2-2-any downloading...
 openssh-10.5p1-1-x86_64 downloading...
 leancrypto-1.8.0-1-x86_64 downloading...
 xfsprogs-7.1.1-1-x86_64 downloading...
 systemd-libs-261.2-1-x86_64 downloading...
 nwg-look-1.1.1-3-x86_64 downloading...
 blueman-2.4.6-2-x86_64 downloading...
 syslinux-6.04.pre3.r3.g05ac953c-5-x86_64 downloading...
 transmission-gtk-4.1.3-2-x86_64 downloading...
 krb5-1.22.2-1-x86_64 downloading...
 libsamplerate-0.2.2-3-x86_64 downloading...
 abseil-cpp-20260526.0-2-x86_64 downloading...
 libvpx-1.16.0-3-x86_64 downloading...
 harfbuzz-14.3.1-1-x86_64 downloading...
 btrfs-progs-7.1-1-x86_64 downloading...
 mypaint-brushes1-1.3.1-2-any downloading...
 kbd-2.10.0-1-x86_64 downloading...
 curl-8.21.0-1-x86_64 downloading...
 e2fsprogs-1.47.4-1-x86_64 downloading...
 terminus-font-4.49.1-8-any downloading...
 system-config-printer-1.5.18-6-x86_64 downloading...
 archlinux-keyring-20260727-1-any downloading...
 alsa-utils-1.2.16-1-x86_64 downloading...
 leptonica-1.87.0-1-x86_64 downloading...
 openexr-3.4.14-1-x86_64 downloading...
 highway-1.4.0-1-x86_64 downloading...
 shadow-4.20.0.arch1-1-x86_64 downloading...
 ncurses-6.6-2-x86_64 downloading...
 lirc-1:0.10.2-6-x86_64 downloading...
 man-db-2.13.1-2-x86_64 downloading...
 modemmanager-1.24.2-1-x86_64 downloading...
 bluez-utils-5.87-2-x86_64 downloading...
 libmysofa-1.3.4-1-x86_64 downloading...
 glibmm-2.68-2.88.1-1-x86_64 downloading...
 sg3_utils-1.49-1-x86_64 downloading...
 simple-scan-50.0-1-x86_64 downloading...
 tinysparql-3.11.1-1-x86_64 downloading...
 vapoursynth-77-2-x86_64 downloading...
 plymouth-26.134.222-2-x86_64 downloading...
 swirl-1.13.0.r8567.gcd070469-2-x86_64 downloading...
 gnome-disk-utility-46.1-3-x86_64 downloading...
 qpdf-12.3.2-2-x86_64 downloading...
 thin-provisioning-tools-1.3.3-1-x86_64 downloading...
 pcre-8.45-5-x86_64 downloading...
 xorg-xwayland-24.1.13-1-x86_64 downloading...
 libxcb-1.17.0-1-x86_64 downloading...
 gvfs-1.60.2-1-x86_64 downloading...
 openal-1.25.2-2-x86_64 downloading...
 pacman-7.1.0.r9.g54d9411-2-x86_64 downloading...
 python-pillow-12.3.0-1-x86_64 downloading...
 libnm-1.58.0-1-x86_64 downloading...
 libopenmpt-0.8.8-1-x86_64 downloading...
 openjpeg2-2.5.4-1-x86_64 downloading...
 cliphist-1:0.7.0-2-x86_64 downloading...
 nvme-cli-2.16-2-x86_64 downloading...
 xkeyboard-config-2.48-1-any downloading...
 libbluray-1.4.1-1-x86_64 downloading...
 xz-5.8.3-1-x86_64 downloading...
 libheif-1.23.1-4-x86_64 downloading...
 cryptsetup-2.8.7-1-x86_64 downloading...
 libcap-2.78-1-x86_64 downloading...
 slang-2.3.3-4-x86_64 downloading...
 gsettings-desktop-schemas-50.1-1-any downloading...
 qt6-wayland-6.11.1-1-x86_64 downloading...
 libadwaita-1:1.9.3-1-x86_64 downloading...
 udisks2-2.11.2-1-x86_64 downloading...
 nm-connection-editor-1.36.0-2-x86_64 downloading...
 kpmcore-26.04.3-1-x86_64 downloading...
 libxml2-2.15.3-1-x86_64 downloading...
 file-roller-44.7-1-x86_64 downloading...
 kcoreaddons-6.29.0-1-x86_64 downloading...
 x264-3:0.165.r3222.b35605a-2-x86_64 downloading...
 shared-mime-info-2.5.1-2-x86_64 downloading...
 libgcrypt-1.12.2-1-x86_64 downloading...
 libunistring-1.4.2-1-x86_64 downloading...
 libfdk-aac-2.0.3-2-x86_64 downloading...
 pipewire-1:1.6.8-1-x86_64 downloading...
 wget-1.25.0-6-x86_64 downloading...
 bluez-5.87-2-x86_64 downloading...
 libimobiledevice-1.4.0-2-x86_64 downloading...
 dav1d-1.5.4-1-x86_64 downloading...
 audacious-4.6.1-2-x86_64 downloading...
 openh264-2.6.0-2-x86_64 downloading...
 fastfetch-2.67.1-1-x86_64 downloading...
 nano-9.2-1-x86_64 downloading...
 smartmontools-7.5-1-x86_64 downloading...
 libcupsfilters-2.1.1-4-x86_64 downloading...
 cairo-1.18.4-1-x86_64 downloading...
 python-imageio-2.37.4-1-any downloading...
 libmtp-1.1.23-1-x86_64 downloading...
 hunspell-fr-revised-7.7-2-any downloading...
 libjpeg-turbo-3.2.0-2-x86_64 downloading...
 btop-1.4.7-1-x86_64 downloading...
 pam-1.7.2-2-x86_64 downloading...
 at-spi2-core-2.60.6-1-x86_64 downloading...
 hwloc-2.14.0-1-x86_64 downloading...
 libarchive-3.8.9-1-x86_64 downloading...
 xorg-fonts-encodings-1.1.0-2-any downloading...
 libmm-glib-1.24.2-1-x86_64 downloading...
 zeromq-4.3.5-3-x86_64 downloading...
 hunspell-en_us-2026.02.25-1-any downloading...
 gcr-4-4.4.0.1-1-x86_64 downloading...
 parted-3.7-1-x86_64 downloading...
 srt-1.5.6-1-x86_64 downloading...
 hunspell-1.7.3-1-x86_64 downloading...
 freetype2-2.14.3-1-x86_64 downloading...
 webrtc-audio-processing-1-1.3-5-x86_64 downloading...
 swayimg-5.5-1-x86_64 downloading...
 wlroots0.20-0.20.2-1-x86_64 downloading...
 tmux-3.7_c-1-x86_64 downloading...
 libxt-1.3.1-1-x86_64 downloading...
 libexif-0.6.26-1-x86_64 downloading...
 alsa-lib-1.2.16.1-1-x86_64 downloading...
 libplacebo-7.360.1-6-x86_64 downloading...
 util-linux-libs-2.42.2-1-x86_64 downloading...
 findutils-4.11.0-1-x86_64 downloading...
 partclone-0.3.48-1-x86_64 downloading...
 libraw-0.22.2-1-x86_64 downloading...
 wavpack-5.9.0-1-x86_64 downloading...
 zstd-1.5.7-3-x86_64 downloading...
 libpipewire-1:1.6.8-1-x86_64 downloading...
 ly-1.4.1-1-x86_64 downloading...
 gperftools-2.18.1-1-x86_64 downloading...
 gdk-pixbuf2-2.44.7-1-x86_64 downloading...
 ldb-2:4.24.6-1-x86_64 downloading...
 vmaf-3.2.0-1-x86_64 downloading...
 ldns-1.9.2-1-x86_64 downloading...
 speex-1.2.1-2-x86_64 downloading...
 libmbim-1.34.0-1-x86_64 downloading...
 jack2-1.9.22-2-x86_64 downloading...
 sdl2-compat-2.32.70-1-x86_64 downloading...
 testdisk-7.2-4-x86_64 downloading...
 mpg123-1.33.7-1-x86_64 downloading...
 libhandy-1.8.3-2-x86_64 downloading...
 avahi-1:0.9rc5-1-x86_64 downloading...
 nettle-4.0-1-x86_64 downloading...
 file-5.48-1-x86_64 downloading...
 speexdsp-1.2.1-2-x86_64 downloading...
 xdg-desktop-portal-1.22.1-2-x86_64 downloading...
 gmp-6.3.0-3-x86_64 downloading...
 pango-1:1.58.2-1-x86_64 downloading...
 mpfr-4.2.2-1-x86_64 downloading...
 nftables-1:1.1.6-3-x86_64 downloading...
 libtheora-1.2.0-1-x86_64 downloading...
 libnl-3.12.0-1-x86_64 downloading...
 spandsp-0.0.6-7-x86_64 downloading...
 iptables-1:1.8.13-1-x86_64 downloading...
 rsync-3.5.0-1-x86_64 downloading...
 mdadm-4.6-2-x86_64 downloading...
 nfs-utils-2.9.2-1-x86_64 downloading...
 polkit-127-3-x86_64 downloading...
 libtiff-4.7.2-1-x86_64 downloading...
 readline-8.3.003-1-x86_64 downloading...
 fontconfig-2:2.18.3-1-x86_64 downloading...
 audit-4.2.1-1-x86_64 downloading...
 iana-etc-20260530-1-any downloading...
 libfyaml-0.9.6-3-x86_64 downloading...
 libpulse-17.0+r98+gb096704c0-1-x86_64 downloading...
 onetbb-2023.1.0-1-x86_64 downloading...
 libsoup3-3.6.6-2-x86_64 downloading...
 brotli-1.2.0-1-x86_64 downloading...
 lensfun-1:0.3.4-6-x86_64 downloading...
 libxfce4ui-4.20.2-1-x86_64 downloading...
 lua-5.5.1-1-x86_64 downloading...
 gtest-1.17.0-2-x86_64 downloading...
 sound-theme-freedesktop-0.8-6-any downloading...
 poppler-glib-26.07.0-1-x86_64 downloading...
 lua54-5.4.8-6-x86_64 downloading...
 adwaita-cursors-50.0-1-any downloading...
 libdrm-2.4.134-1-x86_64 downloading...
 libde265-1.1.1-1-x86_64 downloading...
 dbus-1.16.2-1-x86_64 downloading...
 luajit-2.1.1787058514+27f169c-1-x86_64 downloading...
 foot-1.27.0-2-x86_64 downloading...
 flac-1.5.0-1-x86_64 downloading...
 ppp-2.5.3-1-x86_64 downloading...
 libwebp-1.6.0-2-x86_64 downloading...
 gpgme-2.1.2-1-x86_64 downloading...
 fluidsynth-2.6.0-1-x86_64 downloading...
 jemalloc-1:5.3.1-3-x86_64 downloading...
 libglvnd-1.7.0-3-x86_64 downloading...
 exo-4.20.0-2-x86_64 downloading...
 python-gobject-3.56.3-1-x86_64 downloading...
 orc-0.4.42-1-x86_64 downloading...
 l-smash-2.14.5-4-x86_64 downloading...
 libppd-2.1.1-2-x86_64 downloading...
 libavif-1.4.2-1-x86_64 downloading...
 device-mapper-2.03.42-1-x86_64 downloading...
 libsndfile-1.2.2-4-x86_64 downloading...
 libnice-0.1.23-1-x86_64 downloading...
 lame-4.0-1-x86_64 downloading...
 libnvme-1.16.2-2-x86_64 downloading...
 libepoxy-1.5.10-3-x86_64 downloading...
 tzdata-2026c-1-x86_64 downloading...
 qt6-svg-6.11.1-1-x86_64 downloading...
 ethtool-1:7.1-1-x86_64 downloading...
 rubberband-4.0.0-2-x86_64 downloading...
 mujs-1.3.9-1-x86_64 downloading...
 libwireplumber-0.5.15-1-x86_64 downloading...
 chafa-1.18.2-2-x86_64 downloading...
 python-xlib-0.33-7-any downloading...
 libpcap-1.10.6-1-x86_64 downloading...
 libevent-2.1.13-2-x86_64 downloading...
 ntfsprogs-2026.7.7-1-x86_64 downloading...
 wireplumber-0.5.15-1-x86_64 downloading...
 pixman-0.46.4-1-x86_64 downloading...
 libdovi-3.4.0-1-x86_64 downloading...
 libldap-2.6.13-1-x86_64 downloading...
 libxkbcommon-1.13.2-1-x86_64 downloading...
 mkinitcpio-busybox-1.36.1-1-x86_64 downloading...
 cracklib-2.10.3-1-x86_64 downloading...
 libgpg-error-1.61-1-x86_64 downloading...
 libcups-2:2.4.19-1-x86_64 downloading...
 libthai-0.1.30-1-x86_64 downloading...
 libbpf-1.7.0-1-x86_64 downloading...
 liburing-2.15-1-x86_64 downloading...
 libimagequant-4.4.1-2-x86_64 downloading...
 libyuv-r2921+644251f25-1-x86_64 downloading...
 libuv-1.52.1-1-x86_64 downloading...
 libblockdev-3.5.0-2-x86_64 downloading...
 libssh-0.12.2-1-x86_64 downloading...
 libssh2-1.11.1-7-x86_64 downloading...
 libpng-1.6.58-2-x86_64 downloading...
 psmisc-23.7-2-x86_64 downloading...
 python-packaging-26.3-1-any downloading...
 libcdio-2.3.0-1-x86_64 downloading...
 gdbm-1.26-2-x86_64 downloading...
 vamp-plugin-sdk-1:2.10-1-x86_64 downloading...
 blas-3.12.1-2-x86_64 downloading...
 python-urllib3-2.7.0-1-any downloading...
 amd-ucode-20260810-2-any downloading...
 xorgproto-2025.1-1-any downloading...
 zimg-3.0.6-2-x86_64 downloading...
 neon-0.37.1-1-x86_64 downloading...
 libvpl-2.17.0-1-x86_64 downloading...
 grep-3.12-2-x86_64 downloading...
 gptfdisk-1.0.10-2-x86_64 downloading...
 lcms2-2.19.1-1-x86_64 downloading...
 openjph-0.31.0-1-x86_64 downloading...
 partimage-0.6.9-16-x86_64 downloading...
 libmypaint-1.6.1-2-x86_64 downloading...
 libinput-1.31.3-1-x86_64 downloading...
 faad2-2.11.2-1-x86_64 downloading...
 libntfs-3g-2026.7.7-1-x86_64 downloading...
 dhcpcd-10.5.0-1-x86_64 downloading...
 python-charset-normalizer-3.4.7-1-x86_64 downloading...
 libngtcp2-1.25.0-1-x86_64 downloading...
 oniguruma-6.9.10-1-x86_64 downloading...
 xvidcore-1.3.7-4-x86_64 downloading...
 pavucontrol-1:6.2-1-x86_64 downloading...
 pipewire-pulse-1:1.6.8-1-x86_64 downloading...
 libsodium-1.0.22-1-x86_64 downloading...
 f2fs-tools-1.16.0-3-x86_64 downloading...
 jq-1.8.2-1-x86_64 downloading...
 jasper-4.2.9-1-x86_64 downloading...
 libva-2.24.1-1-x86_64 downloading...
 libxslt-1.1.45-2-x86_64 downloading...
 adwaita-icon-theme-50.0-1-any downloading...
 nspr-4.40-1-x86_64 downloading...
 fmt-12.2.0-1-x86_64 downloading...
 python-yaml-6.0.3-2-x86_64 downloading...
 libogg-1.3.6-1-x86_64 downloading...
 libfido2-1.17.0-1-x86_64 downloading...
 cups-filters-2.0.1-2-x86_64 downloading...
 libgtop-2.41.3-2-x86_64 downloading...
 libnma-common-1.10.6-3-x86_64 downloading...
 libmng-2.0.3-4-x86_64 downloading...
 libsecret-0.21.7-1-x86_64 downloading...
 hyprutils-0.14.1-1-x86_64 downloading...
 libcolord-1.4.8-1-x86_64 downloading...
 libwacom-2.19.1-1-x86_64 downloading...
 freeglut-3.8.0-1-x86_64 downloading...
 guvcview-common-2.2.2-4-x86_64 downloading...
 xfconf-4.20.0-2-x86_64 downloading...
 libvorbis-1.3.7-4-x86_64 downloading...
 jfsutils-1.1.15-9-x86_64 downloading...
 libpgm-5.3.128-4-x86_64 downloading...
 duktape-2.7.0-7-x86_64 downloading...
 json-glib-1.10.8-1-x86_64 downloading...
 zip-3.0-14-x86_64 downloading...
 libtirpc-1.3.7-1-x86_64 downloading...
 galculator-2.1.4-10-x86_64 downloading...
 upower-1.91.3-1-x86_64 downloading...
 udiskie-2.7.0-2-any downloading...
 libmodplug-0.8.9.0-7-x86_64 downloading...
 accountsservice-26.27.3-1-x86_64 downloading...
 pinentry-1.3.3-1-x86_64 downloading...
 network-manager-applet-1.36.0-2-x86_64 downloading...
 libplist-2.7.0-3-x86_64 downloading...
 less-1:704-1-x86_64 downloading...
 libbsd-0.12.2-2-x86_64 downloading...
 vulkan-icd-loader-1.4.357.0-1-x86_64 downloading...
 gpgmepp-2.1.0-1-x86_64 downloading...
 shaderc-2026.3-1-x86_64 downloading...
 spdlog-1.17.0-2-x86_64 downloading...
 bolt-0.9.11-3-x86_64 downloading...
 glu-9.0.3-3-x86_64 downloading...
 lz4-1:1.10.0-2-x86_64 downloading...
 libxmlb-0.3.29-1-x86_64 downloading...
 lv2-1.18.10-2-x86_64 downloading...
 yyjson-0.12.0-1-x86_64 downloading...
 yaml-cpp-0.9.0-1-x86_64 downloading...
 libxi-1.8.3-1-x86_64 downloading...
 libksba-1.8.0-1-x86_64 downloading...
 gd-2.3.3-9-x86_64 downloading...
 pciutils-3.15.0-1-x86_64 downloading...
 wayland-1.26.0-1-x86_64 downloading...
 libstemmer-3.1.1-1-x86_64 downloading...
 libgirepository-1.86.0-2-x86_64 downloading...
 acl-2.4.0-1-x86_64 downloading...
 dbus-broker-37-3-x86_64 downloading...
 libsasl-2.1.28-5-x86_64 downloading...
 python-requests-2.34.2-1-any downloading...
 efivar-39-2-x86_64 downloading...
 opencore-amr-0.1.6-2-x86_64 downloading...
 libxfce4util-4.20.1-1-x86_64 downloading...
 unzip-6.0-23-x86_64 downloading...
 libdvdread-7.1.1-1-x86_64 downloading...
 glib-networking-1:2.80.1-1-x86_64 downloading...
 iputils-20250605-1-x86_64 downloading...
 wayland-protocols-1.49-1-any downloading...
 udftools-2.3-3-x86_64 downloading...
 cmark-gfm-0.29.0.gfm.13-2-x86_64 downloading...
 libsidplayfp-3.1.0-1-x86_64 downloading...
 gpm-1.20.7.r38.ge82d1a6-6-x86_64 downloading...
 fuse3-3.18.2-1-x86_64 downloading...
 aalib-1.4rc5-19-x86_64 downloading...
 lm_sensors-1:3.6.2-1-x86_64 downloading...
 waypaper-2.8-1-any downloading...
 libtasn1-4.21.0-1-x86_64 downloading...
 liburcu-0.15.6-1-x86_64 downloading...
 libidn2-2.3.8-1-x86_64 downloading...
 thunar-volman-4.20.0-2-x86_64 downloading...
 wireless_tools-30.pre9-5-x86_64 downloading...
 alsa-ucm-conf-1.2.16.1-1-any downloading...
 kmod-34.2-1-x86_64 downloading...
 volume_key-0.3.12-12-x86_64 downloading...
 xcb-proto-1.17.0-4-any downloading...
 gupnp-1:1.6.10-1-x86_64 downloading...
 libunwind-1.8.2-1-x86_64 downloading...
 gumbo-parser-0.13.2-1-x86_64 downloading...
 sndio-1.10.0-1-x86_64 downloading...
 libass-0.17.5-1-x86_64 downloading...
 gnulib-l10n-20241231-1-any downloading...
 j4-dmenu-desktop-3.2-7-x86_64 downloading...
 libsixel-1.10.5-1-x86_64 downloading...
 libftdi-1.5-10-x86_64 downloading...
 dmraid-1.0.0.rc16.3-15-x86_64 downloading...
 libdisplay-info-0.3.0-1-x86_64 downloading...
 python-dbus-1.4.0-2-x86_64 downloading...
 fuse2-2.9.9-6-x86_64 downloading...
 liblc3-1.1.3-2-x86_64 downloading...
 libedit-20260512_3.1-1-x86_64 downloading...
 pangomm-2.48-2.56.2-1-x86_64 downloading...
 nilfs-utils-2.3.1-1-x86_64 downloading...
 pugixml-1.16-1-x86_64 downloading...
 libei-1.6.0-1-x86_64 downloading...
 exfatprogs-1.4.3-1-x86_64 downloading...
 lmdb-0.9.35-1-x86_64 downloading...
 libassuan-3.0.0-1-x86_64 downloading...
 libteam-1.32-3-x86_64 downloading...
 libdatrie-0.2.14-1-x86_64 downloading...
 usbutils-019-1-x86_64 downloading...
 libnma-1.10.6-3-x86_64 downloading...
 iw-6.17-1-x86_64 downloading...
 dconf-0.49.0-1-x86_64 downloading...
 xdg-desktop-portal-gtk-1.15.3-1-x86_64 downloading...
 ocl-icd-2.3.5-1-x86_64 downloading...
 graphene-1.10.8-2-x86_64 downloading...
 licenses-20240728-1-any downloading...
 libsbsms-2.3.0-6-x86_64 downloading...
 libgexiv2-0.14.7-1-x86_64 downloading...
 libxext-1.3.7-1-x86_64 downloading...
 pcsclite-2.5.1-1-x86_64 downloading...
 keyutils-1.6.3-4-x86_64 downloading...
 giflib-6.1.3-2-x86_64 downloading...
 tslib-1.24-1-x86_64 downloading...
 portaudio-1:19.7.0-4-x86_64 downloading...
 python-cairo-1.29.1-1-x86_64 downloading...
 libnghttp2-1.70.0-1-x86_64 downloading...
 nwg-displays-0.4.3-1-any downloading...
 cifs-utils-7.5-1-x86_64 downloading...
 fsarchiver-0.8.9-1-x86_64 downloading...
 libxfont2-2.0.9-1-x86_64 downloading...
 gssproxy-0.9.2-3-x86_64 downloading...
 libseccomp-2.6.0-1-x86_64 downloading...
 libpwquality-1.4.5-7-x86_64 downloading...
 libnewt-0.52.25-2-x86_64 downloading...
 polkit-qt6-0.201.1-1-x86_64 downloading...
 hyprpicker-0.4.7-3-x86_64 downloading...
 bluez-libs-5.87-2-x86_64 downloading...
 cairomm-1.16-1.18.1-1-x86_64 downloading...
 libxcrypt-4.5.2-1-x86_64 downloading...
 xorg-xkbcomp-1.5.0-1-x86_64 downloading...
 fcft-3.3.3-1-x86_64 downloading...
 hyprwayland-scanner-0.4.6-1-x86_64 downloading...
 jansson-2.15.0-1-x86_64 downloading...
 libdbusmenu-glib-18.10.20180917-1-x86_64 downloading...
 nbd-3.27.1-4-x86_64 downloading...
 libpsl-0.21.5-2-x86_64 downloading...
 gzip-1.14-2-x86_64 downloading...
 python-idna-3.18-1-any downloading...
 graphite-1:1.3.15-1-x86_64 downloading...
 twolame-0.4.0-4-x86_64 downloading...
 hdparm-9.65-3-x86_64 downloading...
 usb_modeswitch-2.6.2.20251207-1-x86_64 downloading...
 libnghttp3-1.18.0-1-x86_64 downloading...
 zlib-1:1.3.2-3-x86_64 downloading...
 libcanberra-1:0.30+r2+gc0620e4-6-x86_64 downloading...
 libsoxr-0.1.3-5-x86_64 downloading...
 playerctl-2.4.1-5-x86_64 downloading...
 libusb-1.0.30-1-x86_64 downloading...
 libice-1.1.2-1-x86_64 downloading...
 uchardet-0.0.8-4-x86_64 downloading...
 portsmf-234-3-x86_64 downloading...
 libxmu-1.3.1-1-x86_64 downloading...
 dmidecode-3.7-1-x86_64 downloading...
 popt-1.19-2-x86_64 downloading...
 libutf8proc-2.11.3-1-x86_64 downloading...
 libxkbfile-1.2.0-1-x86_64 downloading...
 md4c-0.5.3-1-x86_64 downloading...
 gtk-layer-shell-0.10.1-1-x86_64 downloading...
 livecd-sounds-1.0-3-any downloading...
 ding-libs-0.7.0-1-x86_64 downloading...
 libnftnl-1.3.1-1-x86_64 downloading...
 attr-2.6.0-1-x86_64 downloading...
 tdb-1.4.15-1-x86_64 downloading...
 libxpm-3.5.19-1-x86_64 downloading...
 fribidi-1.0.16-2-x86_64 downloading...
 qt6-imageformats-6.11.1-1-x86_64 downloading...
 soundtouch-2.4.1-1-x86_64 downloading...
 memtest86+-7.20-2-any downloading...
 memtest86+-efi-7.20-2-any downloading...
 xf86-video-amdgpu-25.0.0-1-x86_64 downloading...
 mkinitcpio-41.1-1-any downloading...
 libgusb-0.4.9-2-x86_64 downloading...
 libcap-ng-0.9.3-1-x86_64 downloading...
 libcdio-paranoia-10.2+2.0.2-2-x86_64 downloading...
 python-i3ipc-2.2.1-9-any downloading...
 serd-0.32.10-1-x86_64 downloading...
 lilv-0.28.0-1-x86_64 downloading...
 ndisc6-1.0.8-1-x86_64 downloading...
 opusfile-0.12-4-x86_64 downloading...
 json-c-0.19-1-x86_64 downloading...
 ntfs-3g-2026.7.7-1-x86_64 downloading...
 jbig2dec-0.20-2-x86_64 downloading...
 mobile-broadband-provider-info-20251101-1-any downloading...
 libvdpau-1.5-4-x86_64 downloading...
 polkit-gnome-0.105-12-x86_64 downloading...
 mupdf-1.28.0-1-x86_64 downloading...
 gssdp-1.6.6-1-x86_64 downloading...
 libxft-2.3.9-1-x86_64 downloading...
 tevent-1:0.17.2-1-x86_64 downloading...
 libevdev-1.13.7-1-x86_64 downloading...
 xdg-utils-1.2.1-2-any downloading...
 libmd-1.2.0-1-x86_64 downloading...
 libdvdnav-7.0.0-1-x86_64 downloading...
 bzip2-1.0.8-6-x86_64 downloading...
 double-conversion-3.4.0-1-x86_64 downloading...
 python-pycups-2.0.4-4-x86_64 downloading...
 libyaml-0.2.5-3-x86_64 downloading...
 grml-zsh-config-0.20.1-1-any downloading...
 libieee1284-0.2.11-19-x86_64 downloading...
 cblas-3.12.1-2-x86_64 downloading...
 confuse-3.4-1-x86_64 downloading...
 libmspack-1:1.11-2-x86_64 downloading...
 mako-1.11.0-1-x86_64 downloading...
 vulkan-mesa-implicit-layers-1:26.1.7-1-x86_64 downloading...
 guvcview-2.2.2-4-x86_64 downloading...
 jbigkit-2.1-8-x86_64 downloading...
 yt-dlp-ejs-0.8.0-1-any downloading...
 xdg-desktop-portal-wlr-0.8.2-1-x86_64 downloading...
 libsigc++-3.0-3.8.1-1-x86_64 downloading...
 libnetfilter_conntrack-1.1.1-1-x86_64 downloading...
 talloc-2.5.0-1-x86_64 downloading...
 vid.stab-1.1.1-3-x86_64 downloading...
 libappindicator-12.10.1-1-x86_64 downloading...
 wf-recorder-0.6.0-2-x86_64 downloading...
 sbc-2.2-1-x86_64 downloading...
 power-profiles-daemon-0.30-1-x86_64 downloading...
 python-platformdirs-4.11.3-1-any downloading...
 pacman-contrib-1.13.1-1-x86_64 downloading...
 libcbor-0.14.0-1-x86_64 downloading...
 libpaper-2.2.8-1-x86_64 downloading...
 gvfs-mtp-1.60.2-1-x86_64 downloading...
 nfsidmap-2.9.2-1-x86_64 downloading...
 libdbusmenu-gtk3-18.10.20180917-1-x86_64 downloading...
 miniupnpc-2.3.3-3-x86_64 downloading...
 gvfs-gphoto2-1.60.2-1-x86_64 downloading...
 libraw1394-2.1.2-4-x86_64 downloading...
 libcloudproviders-0.4.0-1-x86_64 downloading...
 xdg-user-dirs-0.20-1-x86_64 downloading...
 mmc-utils-1.0-1-x86_64 downloading...
 libsm-1.2.6-1-x86_64 downloading...
 libcddb-1.3.2-9-x86_64 downloading...
 libdecor-0.2.5-1-x86_64 downloading...
 libb2-0.98.1-3-x86_64 downloading...
 zix-0.8.2-1-x86_64 downloading...
 lsscsi-0.32-2-x86_64 downloading...
 linux-firmware-whence-20260810-2-any downloading...
 libgudev-238-3-x86_64 downloading...
 libblockdev-fs-3.5.0-2-x86_64 downloading...
 desktop-file-utils-0.28-1-x86_64 downloading...
 hidapi-0.15.0-1-x86_64 downloading...
 portmidi-1:2.0.8-1-x86_64 downloading...
 thunar-archive-plugin-0.6.0-1-x86_64 downloading...
 libresidfp-1.2.1-1-x86_64 downloading...
 python-imageio-ffmpeg-0.6.0-2-any downloading...
 libpipeline-1.5.8-1-x86_64 downloading...
 libnotify-0.8.8-1-x86_64 downloading...
 bubblewrap-0.11.2-1-x86_64 downloading...
 gsm-1.0.24-1-x86_64 downloading...
 reflector-2023-5-any downloading...
 seatd-0.9.3-1-x86_64 downloading...
 libraqm-0.11.0-1-x86_64 downloading...
 rpcbind-1.2.9-1-x86_64 downloading...
 libwbclient-2:4.24.6-1-x86_64 downloading...
 libid3tag-0.16.4-1-x86_64 downloading...
 libldac-2.0.2.6-1-x86_64 downloading...
 sord-0.16.22-1-x86_64 downloading...
 libimobiledevice-glue-1.3.2-1-x86_64 downloading...
 vali-0.1.1-2-x86_64 downloading...
 libxv-1.0.13-1-x86_64 downloading...
 gobject-introspection-runtime-1.86.0-2-x86_64 downloading...
 libiec61883-1.2.0-9-x86_64 downloading...
 snappy-1.2.2-3-x86_64 downloading...
 xcb-util-wm-0.4.2-2-x86_64 downloading...
 libxcursor-1.2.3-1-x86_64 downloading...
 libnautilus-extension-50.2.2-1-x86_64 downloading...
 libxkbcommon-x11-1.13.2-1-x86_64 downloading...
 libavc1394-0.5.4-7-x86_64 downloading...
 python-screeninfo-0.8.1-2-any downloading...
 swaylock-1.8.6-1-x86_64 downloading...
 liblqr-0.4.3-1-x86_64 downloading...
 gpart-0.3-6-x86_64 downloading...
 wl-clipboard-1:2.3.0-1-x86_64 downloading...
 efibootmgr-18-4-x86_64 downloading...
 libatasmart-0.19-8-x86_64 downloading...
 xsettingsd-1.0.4-1-x86_64 downloading...
 libproxy-0.5.12-1-x86_64 downloading...
 mailcap-2.1.54-2-any downloading...
 libmms-0.6.4-6-x86_64 downloading...
 libblake3-1.8.4-1-x86_64 downloading...
 libxrender-0.9.12-1-x86_64 downloading...
 libxtst-1.2.5-1-x86_64 downloading...
 gvfs-smb-1.60.2-1-x86_64 downloading...
 libblockdev-crypto-3.5.0-2-x86_64 downloading...
 python-six-1.17.0-3-any downloading...
 gupnp-igd-1.6.0-2-x86_64 downloading...
 npth-1.8-1-x86_64 downloading...
 alsa-card-profiles-1:1.6.8-1-x86_64 downloading...
 libusbmuxd-2.1.1-2-x86_64 downloading...
 libunibreak-7.0-1-x86_64 downloading...
 sysfsutils-2.1.1-2-x86_64 downloading...
 xorg-server-common-21.1.24-1-x86_64 downloading...
 libxrandr-1.5.5-1-x86_64 downloading...
 python-docopt-0.6.2-15-any downloading...
 libxdmcp-1.1.5-2-x86_64 downloading...
 suil-0.10.26-1-x86_64 downloading...
 xorg-xprop-1.2.8-1-x86_64 downloading...
 libqrtr-glib-1.4.0-1-x86_64 downloading...
 libblockdev-nvme-3.5.0-2-x86_64 downloading...
 libbytesize-2.12-3-x86_64 downloading...
 libblockdev-smart-3.5.0-2-x86_64 downloading...
 libmaxminddb-1.13.3-1-x86_64 downloading...
 libaio-0.3.113-4-x86_64 downloading...
 kanshi-1.9.0-1-x86_64 downloading...
 darkhttpd-1.17-1-x86_64 downloading...
 wmenu-0.2.0-1-x86_64 downloading...
 libnsl-2.0.1-2-x86_64 downloading...
 libpciaccess-0.19-1-x86_64 downloading...
 libinih-62-2-x86_64 downloading...
 sratom-0.6.22-1-x86_64 downloading...
 libliftoff-0.5.0-1-x86_64 downloading...
 libndp-1.9-1-x86_64 downloading...
 mkinitcpio-nfs-utils-0.3-8-x86_64 downloading...
 libdaemon-0.14-6-x86_64 downloading...
 networkmanager-dmenu-2.6.3-1-any downloading...
 libfreeaptx-0.2.2-1-x86_64 downloading...
 grim-1.5.0-2-x86_64 downloading...
 startup-notification-0.12-9-x86_64 downloading...
 libverto-0.3.2-6-x86_64 downloading...
 libspiro-1:20240903-1-x86_64 downloading...
 slurp-1.5.0-2-x86_64 downloading...
 libcue-2.3.0-2-x86_64 downloading...
 libbs2b-3.1.0-10-x86_64 downloading...
 libxpresent-1.0.2-1-x86_64 downloading...
 libtatsu-1.0.5-1-x86_64 downloading...
 libebur128-1.2.6-2-x86_64 downloading...
 gtk-update-icon-cache-1:4.22.4-1-x86_64 downloading...
 swayidle-1.9.0-1-x86_64 downloading...
 xcb-util-image-0.4.1-3-x86_64 downloading...
 mkinitcpio-archiso-73-1-any downloading...
 libnfnetlink-1.0.2-2-x86_64 downloading...
 libasyncns-1:0.8+r3+g68cd5af-3-x86_64 downloading...
 libblockdev-part-3.5.0-2-x86_64 downloading...
 mtdev-1.1.7-1-x86_64 downloading...
 libxxf86vm-1.1.7-1-x86_64 downloading...
 libfontenc-1.1.9-1-x86_64 downloading...
 swaybg-1.2.2-1-x86_64 downloading...
 aml-1.0.0-1-x86_64 downloading...
 filesystem-2025.10.12-1-any downloading...
 mpv-mpris-1.2-2-x86_64 downloading...
 libblockdev-mdraid-3.5.0-2-x86_64 downloading...
 qt5-x11extras-5.15.19-1-x86_64 downloading...
 libusb-compat-0.1.9-1-x86_64 downloading...
 libxss-1.2.5-1-x86_64 downloading...
 libxfixes-6.0.2-1-x86_64 downloading...
 xorg-setxkbmap-1.3.5-1-x86_64 downloading...
 alsa-topology-conf-1.2.5.1-4-any downloading...
 xcb-util-errors-1.0.1-2-x86_64 downloading...
 hicolor-icon-theme-0.18-1-any downloading...
 wlr-randr-0.5.0-1-x86_64 downloading...
 libnatpmp-20230423-3-x86_64 downloading...
 xorg-xhost-1.0.10-1-x86_64 downloading...
 wireless-regdb-2026.05.30-1-any downloading...
 libxcomposite-0.4.7-1-x86_64 downloading...
 xcb-util-0.4.1-2-x86_64 downloading...
 libxau-1.0.12-1-x86_64 downloading...
 xcb-util-cursor-0.1.6-1-x86_64 downloading...
 libmnl-1.0.5-2-x86_64 downloading...
 brightnessctl-0.5.1-3-x86_64 downloading...
 ca-certificates-utils-20240618-1-any downloading...
 libxcvt-0.1.3-1-x86_64 downloading...
 xcur2png-0.7.1-9-x86_64 downloading...
 libxinerama-1.1.6-1-x86_64 downloading...
 fatresize-1.1.0-2-x86_64 downloading...
 python-certifi-2026.07.22-1-any downloading...
 libutempter-1.2.3-1-x86_64 downloading...
 xcb-util-renderutil-0.3.10-2-x86_64 downloading...
 colord-sane-1.4.8-1-x86_64 downloading...
 libblockdev-loop-3.5.0-2-x86_64 downloading...
 libblockdev-swap-3.5.0-2-x86_64 downloading...
 libscfg-0.2.0-1-x86_64 downloading...
 libexsid-2.1-1-x86_64 downloading...
 xcb-util-keysyms-0.4.1-5-x86_64 downloading...
 libxdamage-1.1.7-1-x86_64 downloading...
 gexiv2-common-0.16.2-2-x86_64 downloading...
 libb64-1.2.1-5-x86_64 downloading...
 systemd-sysvcompat-261.2-1-x86_64 downloading...
 pacman-mirrorlist-20260610-1-any downloading...
 foot-terminfo-1.27.0-2-x86_64 downloading...
 gsettings-system-schemas-50.1-1-any downloading...
 libxshmfence-1.3.3-1-x86_64 downloading...
 systemd-resolvconf-261.2-1-x86_64 downloading...
 pambase-20260616-1-any downloading...
 dnssec-anchors-20250524-1-any downloading...
 fuse-common-3.18.2-1-x86_64 downloading...
 linux-firmware-20260810-2-any downloading...
 dbus-broker-units-37-3-x86_64 downloading...
 base-3-3-any downloading...
 default-cursors-3-1-any downloading...
 dbus-units-37-3-x86_64 downloading...
 ca-certificates-20240618-1-any downloading...
checking keyring...
checking package integrity...
loading package files...
checking for file conflicts...
:: Processing package changes...
installing linux-api-headers...
installing tzdata...
Optional dependencies for tzdata
    bash: for tzselect [pending]
    glibc: for zdump, zic [pending]
installing iana-etc...
installing filesystem...
warning: /var/home/visnudeva/code/GITHUB/SweetPotatOs/work/x86_64/airootfs/etc/group installed as /var/home/visnudeva/code/GITHUB/SweetPotatOs/work/x86_64/airootfs/etc/group.pacnew
warning: /var/home/visnudeva/code/GITHUB/SweetPotatOs/work/x86_64/airootfs/etc/gshadow installed as /var/home/visnudeva/code/GITHUB/SweetPotatOs/work/x86_64/airootfs/etc/gshadow.pacnew
warning: /var/home/visnudeva/code/GITHUB/SweetPotatOs/work/x86_64/airootfs/etc/passwd installed as /var/home/visnudeva/code/GITHUB/SweetPotatOs/work/x86_64/airootfs/etc/passwd.pacnew
warning: /var/home/visnudeva/code/GITHUB/SweetPotatOs/work/x86_64/airootfs/etc/resolv.conf installed as /var/home/visnudeva/code/GITHUB/SweetPotatOs/work/x86_64/airootfs/etc/resolv.conf.pacnew
warning: /var/home/visnudeva/code/GITHUB/SweetPotatOs/work/x86_64/airootfs/etc/shadow installed as /var/home/visnudeva/code/GITHUB/SweetPotatOs/work/x86_64/airootfs/etc/shadow.pacnew
installing glibc...
Optional dependencies for glibc
    gd: for memusagestat [pending]
    perl: for mtrace [pending]
installing libgcc...
installing libstdc++...
installing ncurses...
Optional dependencies for ncurses
    bash: for ncursesw6-config [pending]
installing readline...
installing bash...
warning: /var/home/visnudeva/code/GITHUB/SweetPotatOs/work/x86_64/airootfs/etc/skel/.bash_profile installed as /var/home/visnudeva/code/GITHUB/SweetPotatOs/work/x86_64/airootfs/etc/skel/.bash_profile.pacnew
Optional dependencies for bash
    bash-completion: for tab completion
installing hwdata...
installing zlib...
installing brotli...
installing xz...
installing lz4...
installing zstd...
installing openssl...
Optional dependencies for openssl
    ca-certificates [pending]
    perl [pending]
installing kmod...
installing libgpg-error...
installing libgcrypt...
installing systemd-libs...
installing pciutils...
Optional dependencies for pciutils
    which: for update-pciids [pending]
    grep: for update-pciids [pending]
    curl: for update-pciids [pending]
installing psmisc...
installing alsa-topology-conf...
installing alsa-ucm-conf...
installing alsa-lib...
installing libgomp...
installing libquadmath...
installing fftw...
Optional dependencies for fftw
    fftw-openmpi: for OpenMPI integration
installing libsamplerate...
installing alsa-utils...
installing amd-ucode...
installing gmp...
installing mpfr...
installing gawk...
installing acl...
installing attr...
installing sqlite...
installing util-linux-libs...
Optional dependencies for util-linux-libs
    python: python bindings to libmount [pending]
installing e2fsprogs...
Optional dependencies for e2fsprogs
    lvm2: for e2scrub [pending]
    util-linux: for e2scrub [pending]
    smtp-forwarder: for e2scrub_fail script
installing keyutils...
installing gdbm...
installing libsasl...
installing libldap...
installing libevent...
Optional dependencies for libevent
    python: event_rpcgen.py [pending]
installing libverto...
installing lmdb...
installing krb5...
installing libcap-ng...
installing audit...
Optional dependencies for audit
    audispd-plugins: for audit event dispatcher plugins
    audispd-plugins-zos: for z/OS audit event dispatcher plugin
installing libxcrypt...
installing libtirpc...
installing libnsl...
installing pambase...
installing pam...
installing libcap...
installing coreutils...
installing bzip2...
installing pcre2...
Optional dependencies for pcre2
    sh: for pcre2-config [installed]
installing grep...
installing findutils...
installing libtasn1...
installing libffi...
installing libp11-kit...
installing p11-kit...
installing ca-certificates-utils...
installing ca-certificates-mozilla...
installing ca-certificates...
installing libunistring...
installing libidn2...
installing libnghttp2...
installing libnghttp3...
installing nettle...
installing leancrypto...
installing gnutls...
Optional dependencies for gnutls
    tpm2-tss: support for TPM2 wrapped keys [pending]
installing libngtcp2...
installing libpsl...
installing libssh2...
installing curl...
installing json-c...
installing gnulib-l10n...
installing icu...
installing libxml2...
Optional dependencies for libxml2
    python: Python bindings [pending]
installing gettext...
Optional dependencies for gettext
    git: for autopoint infrastructure updates [pending]
    appstream: for appstream support [pending]
installing libksba...
installing libusb...
installing libassuan...
installing libsysprof-capture...
installing glib2...
Optional dependencies for glib2
    dconf: GSettings storage backend [pending]
    glib2-devel: development tools
    gvfs: most gio functionality [pending]
installing tpm2-tss...
installing libsecret...
Optional dependencies for libsecret
    org.freedesktop.secrets: secret storage backend
installing pinentry...
Optional dependencies for pinentry
    gcr: GNOME backend
    gtk3: GTK backend [pending]
    kguiaddons: Qt6 backend
    kwindowsystem: Qt6 backend
installing npth...
installing gnupg...
Optional dependencies for gnupg
    pcsclite: for using scdaemon not with the gnupg internal card driver [pending]
installing gpgme...
installing libarchive...
installing pacman-mirrorlist...
installing device-mapper...
installing popt...
installing cryptsetup...
installing expat...
installing dbus...
installing dbus-broker...
installing dbus-broker-units...
installing dbus-units...
installing sed...
installing gzip...
Optional dependencies for gzip
    less: zless support [pending]
    util-linux: zmore support [pending]
    diffutils: zdiff/zcmp support [pending]
installing kbd...
installing libelf...
installing libseccomp...
installing file...
installing shadow...
installing util-linux...
Optional dependencies for util-linux
    words: default dictionary for look
installing systemd...
Initializing machine ID from random generator.
Creating group 'adm' with GID 999.
Creating group 'empower' with GID 996.
Creating group 'clock' with GID 995.
Creating group 'disk' with GID 993.
Creating group 'kmem' with GID 992.
Creating group 'lp' with GID 991.
Creating group 'sgx' with GID 990.
Creating group 'tty' with GID 5.
Creating group 'uucp' with GID 988.
Creating group 'rfkill' with GID 985.
Creating user 'bin' (n/a) with UID 1 and GID 1.
Creating user 'daemon' (n/a) with UID 2 and GID 2.
Suggested user ID 8 for mail already used.
Creating user 'mail' (n/a) with UID 12 and GID 12.
Creating user 'ftp' (n/a) with UID 14 and GID 11.
Creating group 'http' with GID 33.
Creating user 'http' (n/a) with UID 33 and GID 33.
Creating user 'nobody' (Kernel Overflow User) with UID 65534 and GID 65534.
Creating user 'dbus' (System Message Bus) with UID 81 and GID 81.
Creating group 'systemd-coredump' with GID 983.
Creating user 'systemd-coredump' (systemd Core Dumper) with UID 983 and GID 983.
Creating group 'systemd-imds' with GID 981.
Creating user 'systemd-imds' (systemd Instance Metadata) with UID 981 and GID 981.
Creating user 'systemd-network' (systemd Network Management) with UID 980 and GID 980.
Creating group 'systemd-oom' with GID 977.
Creating user 'systemd-oom' (systemd Userspace OOM Killer) with UID 977 and GID 977.
Creating group 'systemd-journal-remote' with GID 976.
Creating user 'systemd-journal-remote' (systemd Journal Remote) with UID 976 and GID 976.
Creating user 'systemd-resolve' (systemd Resolver) with UID 979 and GID 979.
Creating user 'systemd-timesync' (systemd Time Synchronization) with UID 978 and GID 978.
Creating group 'tss' with GID 975.
Creating user 'tss' (tss user for tpm2) with UID 975 and GID 975.
Creating user 'uuidd' (UUID generator helper daemon) with UID 68 and GID 68.
Created symlink '/etc/systemd/system/autovt@.service' → '/usr/lib/systemd/system/getty@.service'.
Created symlink '/etc/systemd/system/getty.target.wants/getty@tty1.service' → '/usr/lib/systemd/system/getty@.service'.
Created symlink '/etc/systemd/system/multi-user.target.wants/remote-fs.target' → '/usr/lib/systemd/system/remote-fs.target'.
Created symlink '/etc/systemd/system/sockets.target.wants/systemd-userdbd.socket' → '/usr/lib/systemd/system/systemd-userdbd.socket'.
Optional dependencies for systemd
    apparmor: additional security features
    curl: systemd-journal-upload, machinectl pull-tar and pull-raw [installed]
    gnutls: systemd-journal-gatewayd and systemd-journal-remote [installed]
    iptables: firewall features [pending]
    libarchive: convert DDIs to tarballs [installed]
    libbpf: support BPF programs [pending]
    libfido2: unlocking LUKS2 volumes with FIDO2 token [pending]
    libmicrohttpd: systemd-journal-gatewayd and systemd-journal-remote
    libp11-kit: support PKCS#11 [installed]
    libpwquality: check password quality [pending]
    polkit: allow administration as unprivileged user [pending]
    qemu-base: systemd-vmspawn
    qrencode: show QR codes
    quota-tools: kernel-level quota management
    systemd-sysvcompat: symlink package to provide sysvinit binaries [pending]
    systemd-ukify: combine kernel and initrd into a signed Unified Kernel Image
    tpm2-tss: unlocking LUKS2 volumes with TPM2 [installed]
installing jansson...
installing binutils...
Optional dependencies for binutils
    debuginfod: for debuginfod server/client functionality
    perl: for gprofng-display-html [pending]
installing libmakepkg-dropins...
installing pacman...
Optional dependencies for pacman
    base-devel: required to use makepkg [pending]
    perl-locale-gettext: translation support in makepkg-template
installing arch-install-scripts...
installing libasan...
installing libatomic...
installing libgfortran...
installing libhwasan...
installing liblsan...
installing libobjc...
installing libtsan...
installing libubsan...
installing gcc-libs...
installing procps-ng...
installing tar...
installing licenses...
installing archlinux-keyring...
installing systemd-sysvcompat...
installing iputils...
installing libmnl...
installing libnfnetlink...
installing libnetfilter_conntrack...
installing libnftnl...
installing libnl...
installing libpcap...
installing nftables...
Optional dependencies for nftables
    python: Python bindings [pending]
    python-jsonschema: Python bindings
installing iptables...
installing libbpf...
installing iproute2...
Optional dependencies for iproute2
    db: userspace arp daemon
    linux-atm: ATM support
    python: for routel [pending]
installing base...
Optional dependencies for base
    linux: bare metal support [pending]
installing fuse-common...
installing fuse3...
installing libaio...
installing libsodium...
installing libunwind...
installing liburcu...
installing bcachefs-tools...
installing dnssec-anchors...
installing libedit...
installing libmaxminddb...
Optional dependencies for libmaxminddb
    geoip2-database: IP geolocation databases
installing libuv...
installing jemalloc...
Optional dependencies for jemalloc
    perl: for jeprof [pending]
installing bind...
installing duktape...
installing polkit...
warning: directory permissions differ on /var/home/visnudeva/code/GITHUB/SweetPotatOs/work/x86_64/airootfs/etc/polkit-1/rules.d/
filesystem: 755  package: 750
installing bolt...
installing lzo...
installing btrfs-progs...
Optional dependencies for btrfs-progs
    python: libbtrfsutil python bindings [pending]
    e2fsprogs: btrfs-convert [installed]
installing darkhttpd...
installing dhcpcd...
Optional dependencies for dhcpcd
    openresolv: resolvconf support [pending]
installing diffutils...
installing dmidecode...
installing dmraid...
installing dosfstools...
installing efivar...
installing efibootmgr...
installing ethtool...
installing exfatprogs...
installing f2fs-tools...
installing parted...
installing fatresize...
installing foot-terminfo...
Optional dependencies for foot-terminfo
    libutempter: utmp logging [pending]
installing fsarchiver...
installing gpart...
installing gptfdisk...
installing zsh...
Optional dependencies for zsh
    grml-zsh-config: grml's zsh setup [pending]
    zsh-autosuggestions: Fish-like autosuggestions for zsh
    zsh-completions: Additional completion definitions for Zsh
    zsh-doc: Info, HTML and PDF format of the ZSH documentation
    zsh-history-substring-search: ZSH port of Fish history search (up arrow)
    zsh-lovers: A collection of tips, tricks and examples for the Z shell.
    zsh-syntax-highlighting: Fish shell like syntax highlighting for Zsh
    zshdb: A debugger for zsh scripts
installing grml-zsh-config...
installing grub...
:: Install your bootloader and generate configuration with:
     # grub-install ...
     # grub-mkconfig -o /boot/grub/grub.cfg
Optional dependencies for grub
    dosfstools: For grub-mkrescue FAT FS and EFI support [installed]
    efibootmgr: For grub-install EFI support [installed]
    freetype2: For grub-mkfont usage [pending]
    fuse3: For grub-mount usage [installed]
    libisoburn: Provides xorriso for generating grub rescue iso using grub-mkrescue
    libusb: For grub-emu USB support [installed]
    lzop: For grub-mkrescue LZO support
    mtools: For grub-mkrescue FAT FS support [pending]
    os-prober: To detect other OSes when generating grub.cfg in BIOS systems
    sdl: For grub-emu SDL support
installing hdparm...
installing intel-ucode...
installing iw...
installing jfsutils...
installing ldns...
Optional dependencies for ldns
    libpcap: ldns-dpa tool [installed]
installing less...
installing libcbor...
installing hidapi...
Optional dependencies for hidapi
    libusb: for hidapi-libusb [installed]
installing libfido2...
installing adwaita-fonts...
installing libpng...
installing freetype2...
Optional dependencies for freetype2
    harfbuzz: Improved autohinting [pending]
installing fontconfig...
Creating fontconfig configuration...
Rebuilding fontconfig cache...
installing xcb-proto...
installing xorgproto...
installing libxdmcp...
installing libxau...
installing libxcb...
installing libx11...
installing libxext...
installing libxrender...
installing pixman...
installing cairo...
installing libpciaccess...
installing libdrm...
Optional dependencies for libdrm
    cairo: needed for modetest tool [installed]
installing libevdev...
installing xkeyboard-config...
installing libxkbcommon...
Optional dependencies for libxkbcommon
    libxkbcommon-x11: xkbcli interactive-x11 [pending]
    wayland: xkbcli interactive-wayland [pending]
installing fribidi...
installing graphite...
Optional dependencies for graphite
    graphite-docs: Documentation
installing harfbuzz...
Optional dependencies for harfbuzz
    harfbuzz-utils: utilities
installing libdatrie...
installing libthai...
installing libxft...
installing pango...
installing plymouth...
Optional dependencies for plymouth
    gtk3: x11 renderer [pending]
installing mkinitcpio-busybox...
installing mkinitcpio...
Optional dependencies for mkinitcpio
    xz: Use lzma or xz compression for the initramfs image [installed]
    bzip2: Use bzip2 compression for the initramfs image [installed]
    lzop: Use lzo compression for the initramfs image
    lz4: Use lz4 compression for the initramfs image [installed]
    mkinitcpio-nfs-utils: Support for root filesystem on NFS [pending]
    systemd-ukify: alternative UKI generator
installing linux...
Optional dependencies for linux
    linux-headers: headers and scripts for building modules
    linux-firmware: firmware images needed for some devices [pending]
    scx-scheds: to use sched-ext schedulers
    wireless-regdb: to set the correct wireless channels of your country [pending]
installing linux-firmware-whence...
installing linux-firmware-amdgpu...
installing linux-firmware-atheros...
installing linux-firmware-broadcom...
installing linux-firmware-cirrus...
installing linux-firmware-intel...
installing linux-firmware-mediatek...
installing linux-firmware-nvidia...
installing linux-firmware-other...
installing linux-firmware-radeon...
installing linux-firmware-realtek...
installing linux-firmware...
Optional dependencies for linux-firmware
    linux-firmware-liquidio: Firmware for Cavium LiquidIO server adapters
    linux-firmware-marvell: Firmware for Marvell devices [pending]
    linux-firmware-mellanox: Firmware for Mellanox Spectrum switches
    linux-firmware-nfp: Firmware for Netronome Flow Processors
    linux-firmware-qcom: Firmware for Qualcomm SoCs
    linux-firmware-qlogic: Firmware for QLogic devices
installing linux-firmware-marvell...
installing livecd-sounds...
installing sysfsutils...
installing lsscsi...
installing thin-provisioning-tools...
installing lvm2...
installing db5.3...
installing perl...
installing groff...
Optional dependencies for groff
    netpbm: for use together with man -H command interaction in browsers
    psutils: for use together with man -H command interaction in browsers
    libxaw: for gxditview
    perl-file-homedir: for use with glilypond
installing libpipeline...
installing man-db...
Optional dependencies for man-db
    gzip [installed]
installing mdadm...
Optional dependencies for mdadm
    bash: mdcheck [installed]
installing memtest86+...
installing memtest86+-efi...
installing mkinitcpio-archiso...
Optional dependencies for mkinitcpio-archiso
    curl: for PXE over HTTP [installed]
    gnupg: for PGP signature verification of rootfs over PXE [installed]
    mkinitcpio-nfs-utils: for PXE over NFS [pending]
    nbd: for PXE over NBD [pending]
    openssl: for CMS signature verification of rootfs over PXE [installed]
    pv: for status display during copy to RAM
installing mkinitcpio-nfs-utils...
installing mmc-utils...
installing hicolor-icon-theme...
installing libgudev...
installing libmbim...
installing libqrtr-glib...
installing libqmi...
installing mobile-broadband-provider-info...
installing ppp...
installing libmm-glib...
installing modemmanager...
Optional dependencies for modemmanager
    usb_modeswitch: install if your modem shows up as a storage drive [pending]
installing mtools...
Optional dependencies for mtools
    libx11: required by floppyd [installed]
    libxau: required by floppyd [installed]
installing nano...
installing nbd...
installing ndisc6...
installing rpcbind...
installing nfsidmap...
installing ding-libs...
installing gssproxy...
installing nfs-utils...
Optional dependencies for nfs-utils
    sqlite: for nfsdcltrack and fsidd usage [installed]
    python: for rpcctl, nfsiostat, nfsdclnts and mountstats usage [pending]
installing nilfs-utils...
installing libntfs-3g...
installing ntfsprogs...
installing liburing...
installing libnvme...
installing nvme-cli...
installing openssh...
Optional dependencies for openssh
    libfido2: FIDO/U2F support [installed]
    sh: for ssh-copy-id and findssl.sh [installed]
    x11-ssh-askpass: input passphrase in X
    xorg-xauth: X11 forwarding
installing fuse2...
installing ntfs-3g...
Optional dependencies for ntfs-3g
    ntfsprogs: userspace utilities [installed]
installing xxhash...
installing partclone...
installing gpm...
installing pcre...
installing slang...
installing libnewt...
Optional dependencies for libnewt
    python: libnewt support with the _snack module [pending]
    tcl: whiptcl support [pending]
installing partimage...
installing pcsclite...
Optional dependencies for pcsclite
    python: API call trace logging with the pcsc-spy [pending]
    ccid: USB Chip/Smart Card Interface Devices driver
installing mpdecimal...
installing python...
Optional dependencies for python
    python-setuptools: for building Python packages using tooling that is usually bundled with Python
    python-pip: for installing Python packages using tooling that is usually bundled with Python
    python-pipx: for installing Python software not packaged on Arch Linux
    sqlite: for a default database integration [installed]
    xz: for lzma [installed]
    tk: for tkinter
installing reflector...
Optional dependencies for reflector
    rsync: rate rsync mirrors [pending]
installing rsync...
Optional dependencies for rsync
    python: for rrsync [installed]
installing sg3_utils...
installing smartmontools...
Optional dependencies for smartmontools
    s-nail: to get mail alerts to work
installing sof-firmware...
installing squashfs-tools...
installing sudo...
warning: directory permissions differ on /var/home/visnudeva/code/GITHUB/SweetPotatOs/work/x86_64/airootfs/etc/sudoers.d/
filesystem: 755  package: 750
installing syslinux...
 => For setting up Syslinux EFI follow
    https://wiki.archlinux.org/index.php/Syslinux#UEFI_Systems
 => The syslinux-install_update script does not currently support EFI install
Optional dependencies for syslinux
    perl-crypt-passwdmd5: For md5pass
    perl-digest-sha1: For sha1pass
    mtools: For mkdiskimage and syslinux support [installed]
    gptfdisk: For GPT support [installed]
    util-linux: For isohybrid [installed]
    efibootmgr: For EFI support [installed]
    dosfstools: For EFI support [installed]
installing systemd-resolvconf...
installing terminus-font...
installing libjpeg-turbo...
installing testdisk...
installing libutempter...
installing tmux...
installing udftools...
installing tcl...
installing usb_modeswitch...
installing usbutils...
Optional dependencies for usbutils
    coreutils: for lsusb.py usage [installed]
    python: for lsusb.py usage [installed]
    sh: for usb-devices [installed]
installing vim-runtime...
Optional dependencies for vim-runtime
    sh: support for some tools and macros [installed]
    python: demoserver example tool [installed]
    gawk: mve tools support [installed]
installing vim...
Optional dependencies for vim
    python: Python language support [installed]
    ruby: Ruby language support
    lua: Lua language support [pending]
    perl: Perl language support [installed]
    tcl: Tcl language support [installed]
installing wireless-regdb...
installing wpa_supplicant...
installing xdg-utils...
Optional dependencies for xdg-utils
    kde-cli-tools: for KDE Plasma5 support in xdg-open
    exo: for Xfce support in xdg-open [pending]
    pcmanfm: for LXDE support in xdg-open
    perl-file-mimeinfo: for generic support in xdg-open
    perl-net-dbus: Perl extension to dbus used in xdg-screensaver
    perl-x11-protocol: Perl X11 protocol used in xdg-screensaver
    xorg-xset: for X11 support in xdg-screensaver
    xorg-xprop: for X11 support in xdg-screensaver [pending]
installing libinih...
installing xfsprogs...
Optional dependencies for xfsprogs
    icu: for xfs_scrub [installed]
    python-dbus: for xfs_scrub_all script [pending]
    smtp-forwarder: for xfs_scrub_fail script
installing libglvnd...
installing libxshmfence...
installing libxxf86vm...
installing llvm-libs...
installing lm_sensors...
Optional dependencies for lm_sensors
    rrdtool: for logging with sensord
    perl: for sensor detection and configuration convert [installed]
installing spirv-tools...
installing default-cursors...
Optional dependencies for default-cursors
    adwaita-cursors: default cursor theme [pending]
installing wayland...
installing mesa...
Optional dependencies for mesa
    opengl-man-pages: for the OpenGL API man pages
installing libdisplay-info...
installing vulkan-icd-loader...
Optional dependencies for vulkan-icd-loader
    vulkan-driver: packaged vulkan driver [pending]
installing vulkan-mesa-implicit-layers...
installing xcb-util-keysyms...
installing vulkan-intel...
Optional dependencies for vulkan-intel
    vulkan-mesa-layers: additional vulkan layers
installing vulkan-radeon...
Optional dependencies for vulkan-radeon
    vulkan-mesa-layers: additional vulkan layers
installing xf86-video-amdgpu...
installing double-conversion...
installing libb2...
installing libdaemon...
installing avahi...
Optional dependencies for avahi
    gtk3: avahi-discover, avahi-discover-standalone, bshell, bssh, bvnc [pending]
    libevent: libevent bindings [installed]
    nss-mdns: NSS support for mDNS
    python-dbus: avahi-bookmarks, avahi-discover [pending]
    python-gobject: avahi-bookmarks, avahi-discover [pending]
    python-twisted: avahi-bookmarks
installing libcups...
installing libice...
installing libwacom...
Optional dependencies for libwacom
    python-libevdev: for libwacom-show-stylus
    python-pyudev: for libwacom-show-stylus
installing lua54...
installing mtdev...
installing libinput...
Optional dependencies for libinput
    libinput-tools: debug utilities
installing libproxy...
installing libsm...
installing libxkbcommon-x11...
installing md4c...
installing shared-mime-info...
installing tslib...
installing xcb-util-renderutil...
installing xcb-util...
installing xcb-util-image...
installing xcb-util-cursor...
installing xcb-util-wm...
installing qt6-translations...
installing qt6-base...
Optional dependencies for qt6-base
    freetds: MS SQL driver
    gdk-pixbuf2: GTK platform plugin [pending]
    gtk3: GTK platform plugin [pending]
    libfbclient: Firebird/iBase driver
    mariadb-libs: MariaDB driver
    pango: GTK platform plugin [installed]
    perl: for syncqt [installed]
    postgresql-libs: PostgreSQL driver
    unixodbc: ODBC driver
installing kcoreaddons...
Optional dependencies for kcoreaddons
    pyside6: Python bindings
    qt6-declarative: QML bindings [pending]
installing iso-codes...
installing ki18n...
Optional dependencies for ki18n
    python: to compile .ts files [installed]
    qt6-declarative: ktranscript plugin and QML bindings [pending]
installing kwidgetsaddons...
Optional dependencies for kwidgetsaddons
    pyside6: Python bindings
installing polkit-qt6...
installing kpmcore...
Optional dependencies for kpmcore
    bcachefs-tools: BCacheFS support [installed]
    dosfstools: FAT32 support [installed]
    e2fsprogs: ext2/3/4 support [installed]
    exfat-utils: exFAT support [installed]
    exfatprogs: exFAT support (alternative to exfat-utils) [installed]
    f2fs-tools: F2FS support [installed]
    fatresize: FAT resize support [installed]
    jfsutils: JFS support [installed]
    nilfs-utils: nilfs support [installed]
    ntfsprogs: NTFS support [installed]
    udftools: UDF support [installed]
    xfsprogs: XFS support [installed]
installing cracklib...
installing libpwquality...
Optional dependencies for libpwquality
    python: Python bindings [installed]
installing qt6-declarative...
Optional dependencies for qt6-declarative
    qt6-svg: for QtQuickVectorImage and svgtoqml [pending]
installing qt6-svg...
installing yaml-cpp...
installing calamares...
installing libxfixes...
installing libxi...
installing qt5-translations...
installing qt5-base...
Optional dependencies for qt5-base
    qt5-svg: to use SVG icon themes
    qt5-wayland: to run Qt applications in a Wayland session
    postgresql-libs: PostgreSQL driver
    mariadb-libs: MariaDB driver
    unixodbc: ODBC driver
    libfbclient: Firebird/iBase driver
    freetds: MS SQL driver
    gtk3: GTK platform plugin [pending]
    perl: for fixqt4headers and syncqt [installed]
installing accountsservice...
installing bubblewrap...
installing jbigkit...
installing libdeflate...
installing libwebp...
Optional dependencies for libwebp
    libwebp-utils: WebP conversion and inspection tools
installing libtiff...
Optional dependencies for libtiff
    freeglut: for using tiffgt [pending]
installing lcms2...
installing giflib...
installing gperftools...
installing gtest...
Optional dependencies for gtest
    python: gmock generator [installed]
installing highway...
installing libjxl...
Optional dependencies for libjxl
    java-runtime: for JNI bindings
installing dav1d...
Optional dependencies for dav1d
    dav1d-doc: HTML documentation
installing librsvg...
installing glycin...
Optional dependencies for glycin
    libheif: Load .avif, .heic and .heif [pending]
installing gdk-pixbuf2...
Optional dependencies for gdk-pixbuf2
    libheif: Load .avif, .heic and .heif [pending]
    libopenraw: Load .arw, .cr2, .crw, .dng, .erf, .mrw, .nef, .orf, .pef and .raf
    libwmf: Load .apm and .wmf [pending]
installing lua...
installing libliftoff...
installing xcb-util-errors...
installing seatd...
installing glslang...
installing swirl...
Optional dependencies for swirl
    sway: provides swaybar, swaymsg, and swaynag [pending]
    swaybg: wallpaper [pending]
    swayidle: idle management [pending]
    swaylock: screen locker [pending]
    xorg-xwayland: X11 support [pending]
    xdg-desktop-portal-wlr: screen sharing [pending]
    xdg-desktop-portal-gtk: file picking [pending]
installing noto-fonts...
Optional dependencies for noto-fonts
    noto-fonts-cjk: CJK characters
    noto-fonts-emoji: Emoji characters [pending]
    noto-fonts-extra: additional variants (condensed, semi-bold, extra-light)
installing wayland-protocols...
installing wlroots0.20...
Optional dependencies for wlroots0.20
    xorg-xwayland: Xwayland support [pending]
    vulkan-validation-layers: validation layers for the experimental vulkan renderer backend
installing sway...
Sway requires additional setup for privilege escalation. Without this setup,
sway will fail to start with session activation permission failures. Choose one
of the two available options (In alphabetical, not recommended, order):

1. polkit: This will make sway "just work" right after installation but may be
           a weightier solution than desired.

2. seatd: Already required as a sway dependency, this is a lighter-weight
          solution but requires some user configuration: Enabling the service,
          adding your user to the "seat" group, then logging out/in again.

Either option should provide the same functionality/stability. Refer to the
Sway wiki page for information.
Optional dependencies for sway
    brightnessctl: Brightness adjustment tool used in the default configuration [pending]
    foot: Terminal emulator used in the default configuration [pending]
    grim: Screenshot utility used in the default configuration [pending]
    i3status: Status line generation
    libpulse: Volume adjustment tool (pactl) used in the default configuration [pending]
    mako: Lightweight notification daemon [pending]
    playerctl: Media player controller used in the default configuration [pending]
    polkit: System privilege control. Required if not using seatd service [installed]
    swaybg: Wallpaper tool for sway [pending]
    sway-contrib: Collection of user-contributed scripts for sway
    swayidle: Idle management daemon [pending]
    swaylock: Screen locker [pending]
    waybar: Highly customizable bar
    wmenu: Application launcher used in default config [pending]
    xorg-xwayland: X11 support [pending]
    xdg-desktop-portal-gtk: Default xdg-desktop-portal for file picking [pending]
    xdg-desktop-portal-wlr: xdg-desktop-portal backend [pending]
installing swaybg...
installing swayidle...
installing swaylock...
installing libutf8proc...
installing fcft...
installing foot...
Optional dependencies for foot
    foot-terminfo: extra non-standard features over terminfo included in ncurses [installed]
    libnotify: desktop notifications [pending]
    xdg-utils: URI launching [installed]
installing wmenu...
installing fmt...
installing spdlog...
installing j4-dmenu-desktop...
Optional dependencies for j4-dmenu-desktop
    dmenu: The default backend
    bemenu: An alternative backend
    wmenu: An alternative backend [installed]
installing oniguruma...
installing jq...
installing grim...
installing slurp...
installing aom...
installing gsm...
installing opus...
installing jack2...
Optional dependencies for jack2
    a2jmidid: for ALSA MIDI to JACK MIDI bridging
    libffado: for firewire support using FFADO
    jack-example-tools: for official JACK example-clients and tools
    jack2-dbus: for dbus integration
    jack2-docs: for developer documentation
    realtime-privileges: for realtime privileges
installing mpg123...
Optional dependencies for mpg123
    sdl2-compat: for sdl audio support [pending]
    jack: for jack audio support [installed]
    libpulse: for pulse audio support [pending]
    perl: for conplay [installed]
installing lame...
installing libunibreak...
installing libass...
installing libraw1394...
installing libavc1394...
installing libbluray...
Optional dependencies for libbluray
    java-runtime: BD-J library
installing libogg...
installing flac...
installing libvorbis...
installing libsndfile...
Optional dependencies for libsndfile
    alsa-lib: for sndfile-play [installed]
installing libbs2b...
installing libdvdread...
Optional dependencies for libdvdread
    libdvdcss: Decoding encrypted DVDs
installing libdvdnav...
installing libiec61883...
installing libmodplug...
installing libasyncns...
installing libpulse...
Optional dependencies for libpulse
    pulse-native-provider: PulseAudio backend [pending]
installing portaudio...
installing libopenmpt...
installing shaderc...
installing libdovi...
installing libplacebo...
installing libsoxr...
installing libssh...
installing libtheora...
installing libva...
Optional dependencies for libva
    intel-media-driver: backend for Intel GPUs (>= Broadwell)
    libva-intel-driver: backend for Intel GPUs (<= Haswell)
    libva-mesa-driver: backend for AMD and NVIDIA GPUs [installed]
installing libvdpau...
Optional dependencies for libvdpau
    libvdpau-va-gl: driver using VAAPI
    nvidia-utils: driver for NVIDIA
installing libvpx...
installing libxv...
installing ocl-icd...
Optional dependencies for ocl-icd
    opencl-driver: packaged opencl driver
installing libvpl...
Optional dependencies for libvpl
    intel-media-sdk: runtime implementation for legacy Intel GPUs
    vpl-gpu-rt: runtime implementation for Tiger Lake and newer GPUs
installing opencore-amr...
installing openjpeg2...
installing rav1e...
installing rubberband...
installing libxcursor...
installing sdl3...
Optional dependencies for sdl3
    alsa-lib: ALSA audio driver [installed]
    libpulse: PulseAudio audio driver [installed]
    jack: JACK audio driver [installed]
    pipewire: PipeWire audio driver [pending]
    vulkan-driver: vulkan renderer [installed]
    sndio: sndio audio driver [pending]
    libdecor: Wayland client decorations [pending]
installing sdl2-compat...
installing snappy...
installing libmd...
installing libbsd...
installing sndio...
installing speexdsp...
installing speex...
installing srt...
installing svt-av1...
installing v4l-utils...
Optional dependencies for v4l-utils
    qt6-base: for qv4l2 and qvidcap [installed]
    qt6-5compat: for qv4l2
    alsa-lib: for qv4l2 [installed]
installing zimg...
installing vapoursynth...
installing vid.stab...
installing vmaf...
installing l-smash...
installing x264...
installing x265...
installing xvidcore...
installing libpgm...
installing zeromq...
Optional dependencies for zeromq
    cppzmq: C++ binding for libzmq
installing ffmpeg...
Optional dependencies for ffmpeg
    avisynthplus: AviSynthPlus support
    frei0r-plugins: Frei0r video effects support
    intel-media-sdk: Intel QuickSync support (legacy)
    ladspa: LADSPA filters
    nvidia-utils: Nvidia NVDEC/NVENC support
    onevpl-intel-gpu: Intel QuickSync support
installing wf-recorder...
Optional dependencies for wf-recorder
    slurp: Select a region to record [installed]
installing wl-clipboard...
Optional dependencies for wl-clipboard
    xdg-utils: for content type inference in wl-copy [installed]
    mailcap: for type inference in wl-paste [pending]
installing desktop-file-utils...
installing libexif...
installing libnotify...
installing libxfce4util...
installing adwaita-icon-theme-legacy...
installing adwaita-cursors...
installing adwaita-icon-theme...
installing dconf...
installing gsettings-system-schemas...
installing gsettings-desktop-schemas...
installing libxtst...
installing xorg-xprop...
installing at-spi2-core...
installing libcloudproviders...
installing libcolord...
installing libepoxy...
installing libxcomposite...
installing libxdamage...
installing libxinerama...
installing libxrandr...
installing json-glib...
installing glib-networking...
installing libsoup3...
Optional dependencies for libsoup3
    samba: Windows Domain SSO
installing libstemmer...
installing tinysparql...
installing gtk-update-icon-cache...
installing gtk3...
Optional dependencies for gtk3
    evince: Default print preview command
installing xfconf...
installing startup-notification...
installing libgtop...
installing libxfce4ui...
installing exo...
installing thunar...
Optional dependencies for thunar
    catfish: file searching
    gvfs: trash support, mounting with udisk and remote filesystems [pending]
    tumbler: thumbnail previews
    thunar-volman: removable device management [pending]
    thunar-archive-plugin: archive creation and extraction [pending]
    thunar-media-tags-plugin: view/edit ID3/OGG tags
installing thunar-volman...
installing thunar-archive-plugin...
Optional dependencies for thunar-archive-plugin
    file-roller [pending]
    engrampa
    ark
    xarchiver
installing gcr-4...
Optional dependencies for gcr-4
    gtk4: gcr-viewer-gtk4 [pending]
installing libcdio...
installing libcdio-paranoia...
installing libblockdev...
Optional dependencies for libblockdev
    libblockdev-btrfs: for BTRFS support
    libblockdev-crypto: for crypto support [pending]
    libblockdev-dm: for device-mapper support
    libblockdev-fs: for filesystem support [pending]
    libblockdev-loop: for loop device support [pending]
    libblockdev-lvm: for LVM support
    libblockdev-mdraid: for MDRAID support [pending]
    libblockdev-mpath: for multipath support
    libblockdev-nvdimm: for NVDIMM support
    libblockdev-nvme: for NVME support [pending]
    libblockdev-part: for partitioning support [pending]
    libblockdev-smart: for S.M.A.R.T. support [pending]
    libblockdev-swap: for swap support [pending]
    python-libblockdev: for Python support
installing nspr...
installing nss...
installing volume_key...
Optional dependencies for volume_key
    python-volume_key: for Python bindings
installing libblockdev-crypto...
installing libbytesize...
Optional dependencies for libbytesize
    python: for Python bindings and for the bscalc command [installed]
installing libblockdev-fs...
Optional dependencies for libblockdev-fs
    btrfs-progs: for BTRFS filesystem support [installed]
    dosfstools: for VFAT filesystem support [installed]
    exfatprogs: for exFAT filesystem support [installed]
    f2fs-tools: for F2FS filesystem support [installed]
    nilfs-utils: for nilfs filesystem support [installed]
    ntfsprogs: for NTFS filesystem support [installed]
    udftools: for UDF filesystem support [installed]
    xfsprogs: for XFS filesystem support [installed]
installing libblockdev-mdraid...
installing libblockdev-loop...
installing libblockdev-nvme...
installing libblockdev-part...
installing libatasmart...
installing libblockdev-smart...
Optional dependencies for libblockdev-smart
    smartmontools: for experimental smartmontools-based plugin [installed]
installing libblockdev-swap...
installing udisks2...
Optional dependencies for udisks2
    udisks2-btrfs: for BTRFS module
    udisks2-lvm2: for LVM2 module
    udisks2-docs: API documentation
    btrfs-progs: for BTRFS support in libblockdev-fs [installed]
    dosfstools: for FAT support in libblockdev-fs [installed]
    exfatprogs: for exFAT support in libblockdev-fs [installed]
    e2fsprogs: for Ext2/3/4 support in libblockdev-fs [installed]
    f2fs-tools: for F2FS support in libblockdev-fs [installed]
    less: for default pager of the udisksctl dump command [installed]
    nilfs-utils: for NILFS support in libblockdev-fs [installed]
    udftools: for UDF support in libblockdev-fs [installed]
    xfsprogs: for XFS support in libblockdev-fs [installed]
installing gvfs...
Optional dependencies for gvfs
    gvfs-afc: AFC support (Apple mobile devices)
    gvfs-dnssd: DNS-SD and WebDAV support (macOS file sharing)
    gvfs-goa: Gnome Online Accounts support (e.g. OwnCloud)
    gvfs-gphoto2: gphoto2 support (PTP camera, MTP media player) [pending]
    gvfs-mtp: MTP support (Android, media player) [pending]
    gvfs-nfs: NFS support
    gvfs-onedrive: Microsoft OneDrive support
    gvfs-smb: SMB/CIFS support (Windows file sharing) [pending]
    gvfs-wsdd: Web Services Dynamic Discovery support (Windows discovery)
installing libmtp...
installing gvfs-mtp...
installing libwbclient...
Optional dependencies for libwbclient
    python-dnspython: samba_dnsupdate and samba_upgradedns in AD setup
    python-markdown: for samba-tool domain schemeupgrade
    glusterfs: for vfs_glusterfs support
installing talloc...
Optional dependencies for talloc
    python: for python bindings [installed]
installing cifs-utils...
Optional dependencies for cifs-utils
    python: for smb2-quota and smbinfo script [installed]
installing tevent...
Optional dependencies for tevent
    python: for python bindings [installed]
installing tdb...
Optional dependencies for tdb
    python: for python bindings [installed]
installing ldb...
Optional dependencies for ldb
    python: for python bindings [installed]
installing smbclient...
Optional dependencies for smbclient
    python-dnspython: samba_dnsupdate and samba_upgradedns in AD setup
    python-markdown: for samba-tool domain schemeupgrade
    glusterfs: for vfs_glusterfs support
installing gvfs-smb...
installing libxt...
installing libxpm...
installing libyuv...
installing libavif...
installing libde265...
Optional dependencies for libde265
    sdl2-compat: for the decoder tool [installed]
installing openh264...
installing libheif...
Optional dependencies for libheif
    libjpeg-turbo: for heif-dec and heif-enc [installed]
    libpng: for heif-dec and heif-enc [installed]
    libtiff: for heif-dec and heif-enc [installed]
    dav1d: dav1d encoder [installed]
    ffmpeg: hardware decode [installed]
    openjpeg2: JPEG2000 decoder [installed]
    rav1e: rav1e encoder [installed]
    svt-av1: svt-av1 encoder [installed]
installing gd...
Optional dependencies for gd
    perl: bdftogd script [installed]
installing libtool...
installing libgphoto2...
installing gvfs-gphoto2...
installing libgusb...
installing colord...
Optional dependencies for colord
    argyllcms: color profiling
    colord-sane: SANE support [pending]
installing libieee1284...
Optional dependencies for libieee1284
    python: for python module [installed]
installing net-snmp...
Optional dependencies for net-snmp
    perl-term-readkey: for snmpcheck application
    perl-tk: for snmpcheck and tkmib applications
    python: for the python modules [installed]
installing gpgmepp...
installing poppler...
Optional dependencies for poppler
    poppler-data: highly recommended encoding data to display PDF documents with certain encodings and characters [pending]
installing poppler-glib...
installing sane...
Optional dependencies for sane
    sane-airscan: for scanners working in driverless mode
installing colord-sane...
installing graphene...
installing gstreamer...
Optional dependencies for gstreamer
    python: gst-plugins-doc-cache-generator [installed]
installing orc...
installing gst-plugins-base-libs...
installing gssdp...
Optional dependencies for gssdp
    gtk4: gssdp-device-sniffer [pending]
installing gupnp...
Optional dependencies for gupnp
    python: gupnp-binding-tool [installed]
installing gupnp-igd...
installing libnice...
Optional dependencies for libnice
    gstreamer: "nice" GStreamer plugin [installed]
installing gst-plugins-bad-libs...
installing libpipewire...
installing pipewire...
Created symlink '/etc/systemd/user/sockets.target.wants/pipewire.socket' → '/usr/lib/systemd/user/pipewire.socket'.
Optional dependencies for pipewire
    gst-plugin-pipewire: GStreamer plugin
    pipewire-alsa: ALSA configuration
    pipewire-audio: Audio support [pending]
    pipewire-docs: Documentation
    pipewire-ffado: FireWire support
    pipewire-jack-client: PipeWire as JACK client
    pipewire-jack: JACK replacement
    pipewire-libcamera: Libcamera support
    pipewire-onnx: ONNX filter support
    pipewire-pulse: PulseAudio replacement [pending]
    pipewire-roc: ROC streaming
    pipewire-session-manager: Session manager [pending]
    pipewire-v4l2: V4L2 interceptor
    pipewire-x11-bell: X11 bell
    pipewire-zeroconf: Zeroconf support
    realtime-privileges: realtime privileges with rt module
    rtkit: realtime privileges with rtkit module
installing xdg-desktop-portal...
Optional dependencies for xdg-desktop-portal
    gamemode: GameMode portal
    geoclue: Location portal
    rtkit: Realtime portal
    xdg-desktop-portal-impl: Portal backends [pending]
installing xdg-desktop-portal-gtk...
Optional dependencies for xdg-desktop-portal-gtk
    evince: Print preview
installing gtk4...
Optional dependencies for gtk4
    evince: Default print preview command
installing hwloc...
Optional dependencies for hwloc
    cairo: PDF, Postscript, and PNG export support [installed]
    libxml2: full XML import/export support [installed]
installing onetbb...
Optional dependencies for onetbb
    python: for Python module [installed]
installing libblake3...
installing libfyaml...
installing libxmlb...
installing appstream...
installing libadwaita...
installing simple-scan...
installing qpdf...
installing libcupsfilters...
installing libppd...
installing cups-filters...
Optional dependencies for cups-filters
    ghostscript: for non-PDF printers (preferred)
    poppler: for non-PDF printers [installed]
    mupdf-tools: for non-PDF printers
installing libpaper...
installing cups...
>> If you use an HTTPS connection to CUPS, the first time you access
>> the interface it may take a very long time before the site comes up.
>> This is because the first request triggers the generation of the CUPS
>> SSL certificates which can be a very time-consuming job.
Optional dependencies for cups
    cups-browsed: to browse the network for remote CUPS queues and IPP network printers
    libusb: for usb printer backend [installed]
    ipp-usb: allows to send HTTP requests via a USB connection on devices without Ethernet or WiFi connections
    xdg-utils: xdg .desktop file support [installed]
    colord: for ICC color profile support [installed]
    logrotate: for logfile rotation support
installing python-pycups...
installing python-dbus...
Optional dependencies for python-dbus
    python-gobject: D-Bus services via PyGI [pending]
installing libgirepository...
installing gobject-introspection-runtime...
installing python-gobject...
Optional dependencies for python-gobject
    python-cairo: Cairo bindings [pending]
installing python-cairo...
installing system-config-printer...
Optional dependencies for system-config-printer
    libsecret: password management [installed]
    python-pysmbc: SMB browser support
    cups-pk-helper: PolicyKit helper to configure cups with fine-grained privileges
installing xcur2png...
installing nwg-look...
installing libxss...
installing mailcap...
installing firefox...
Optional dependencies for firefox
    firefox-i18n: Localizations
    hunspell-dictionary: Spell checking [pending]
    libnotify: Notification integration [installed]
    networkmanager: Location detection via available WiFi networks [pending]
    onnxruntime: Local machine learning features such as smart tab groups
    speech-dispatcher: Text-to-Speech
    xdg-desktop-portal: Screensharing with Wayland [installed]
installing geany...
Optional dependencies for geany
    geany-plugins: additional functionality
    vte3: embedded terminal support
installing galculator...
installing sound-theme-freedesktop...
installing libcanberra...
Optional dependencies for libcanberra
    gtk3: canberra-gtk-play [installed]
installing libhandy...
installing gnome-disk-utility...
installing imath...
Optional dependencies for imath
    boost-libs: python bindings [pending]
    python: python bindings [installed]
installing exiv2...
installing libraw...
installing libsixel...
installing luajit...
installing openjph...
installing openexr...
Optional dependencies for openexr
    python: for python bindings [installed]
installing swayimg...
installing libxpresent...
installing mujs...
installing openal...
Optional dependencies for openal
    qt6-base: alsoft-config GUI Configurator [installed]
    fluidsynth: MIDI rendering [pending]
    libmysofa: makemhr tool [pending]
installing uchardet...
installing mpv...
Optional dependencies for mpv
    yt-dlp: for video-sharing websites playback [pending]
installing mpv-mpris...
installing python-certifi...
installing python-charset-normalizer...
installing python-idna...
installing python-urllib3...
Optional dependencies for python-urllib3
    python-brotli: Brotli support
    python-brotlicffi: Brotli support
    python-h2: HTTP/2 support
    python-pysocks: SOCKS support
installing python-requests...
Optional dependencies for python-requests
    python-chardet: alternative character encoding library
    python-pysocks: SOCKS proxy support
installing deno...
installing yt-dlp-ejs...
installing yt-dlp...
Optional dependencies for yt-dlp
    ffmpeg: for video post-processing [installed]
    rtmpdump: for rtmp streams support
    atomicparsley: for embedding thumbnails into m4a files
    aria2: for using aria2 as external downloader
    python-curl_cffi: support for impersonating browser requests
    python-mutagen: for embedding thumbnail in certain formats
    python-pycryptodome: for decrypting AES-128 HLS streams and various other data
    python-pycryptodomex: for decrypting AES-128 HLS streams and various other data
    python-websockets: for downloading over websocket
    python-brotli: brotli content encoding support
    python-brotlicffi: brotli content encoding support
    python-xattr: for writing xattr metadata
    python-pyxattr: for writing xattr metadata (alternative option)
    phantomjs: for extractors with javascript code
    python-secretstorage: For -cookies-from-browser to access the GNOME keyring while decrypting cookies of Chromium-based browsers
installing cmark-gfm...
installing gumbo-parser...
installing jbig2dec...
installing leptonica...
installing tesseract-data-afr...
installing tesseract-data-osd...
installing tesseract...
Optional dependencies for tesseract
    icu: for text2image [installed]
    pango: for text2image [installed]
    tesseract-data-afr: OCR data (afr) [installed]
    tesseract-data-amh: OCR data (amh)
    tesseract-data-ara: OCR data (ara)
    tesseract-data-asm: OCR data (asm)
    tesseract-data-aze: OCR data (aze)
    tesseract-data-aze_cyrl: OCR data (aze_cyrl)
    tesseract-data-bel: OCR data (bel)
    tesseract-data-ben: OCR data (ben)
    tesseract-data-bod: OCR data (bod)
    tesseract-data-bos: OCR data (bos)
    tesseract-data-bre: OCR data (bre)
    tesseract-data-bul: OCR data (bul)
    tesseract-data-cat: OCR data (cat)
    tesseract-data-ceb: OCR data (ceb)
    tesseract-data-ces: OCR data (ces)
    tesseract-data-chi_sim: OCR data (chi_sim)
    tesseract-data-chi_tra: OCR data (chi_tra)
    tesseract-data-chr: OCR data (chr)
    tesseract-data-cos: OCR data (cos)
    tesseract-data-cym: OCR data (cym)
    tesseract-data-dan: OCR data (dan)
    tesseract-data-dan_frak: OCR data (dan_frak)
    tesseract-data-deu: OCR data (deu)
    tesseract-data-deu_frak: OCR data (deu_frak)
    tesseract-data-div: OCR data (div)
    tesseract-data-dzo: OCR data (dzo)
    tesseract-data-ell: OCR data (ell)
    tesseract-data-eng: OCR data (eng)
    tesseract-data-enm: OCR data (enm)
    tesseract-data-epo: OCR data (epo)
    tesseract-data-equ: OCR data (equ)
    tesseract-data-est: OCR data (est)
    tesseract-data-eus: OCR data (eus)
    tesseract-data-fao: OCR data (fao)
    tesseract-data-fas: OCR data (fas)
    tesseract-data-fil: OCR data (fil)
    tesseract-data-fin: OCR data (fin)
    tesseract-data-fra: OCR data (fra)
    tesseract-data-frk: OCR data (frk)
    tesseract-data-frm: OCR data (frm)
    tesseract-data-fry: OCR data (fry)
    tesseract-data-gla: OCR data (gla)
    tesseract-data-gle: OCR data (gle)
    tesseract-data-glg: OCR data (glg)
    tesseract-data-grc: OCR data (grc)
    tesseract-data-guj: OCR data (guj)
    tesseract-data-hat: OCR data (hat)
    tesseract-data-heb: OCR data (heb)
    tesseract-data-hin: OCR data (hin)
    tesseract-data-hrv: OCR data (hrv)
    tesseract-data-hun: OCR data (hun)
    tesseract-data-hye: OCR data (hye)
    tesseract-data-iku: OCR data (iku)
    tesseract-data-ind: OCR data (ind)
    tesseract-data-isl: OCR data (isl)
    tesseract-data-ita: OCR data (ita)
    tesseract-data-ita_old: OCR data (ita_old)
    tesseract-data-jav: OCR data (jav)
    tesseract-data-jpn: OCR data (jpn)
    tesseract-data-jpn_vert: OCR data (jpn_vert)
    tesseract-data-kan: OCR data (kan)
    tesseract-data-kat: OCR data (kat)
    tesseract-data-kat_old: OCR data (kat_old)
    tesseract-data-kaz: OCR data (kaz)
    tesseract-data-khm: OCR data (khm)
    tesseract-data-kir: OCR data (kir)
    tesseract-data-kmr: OCR data (kmr)
    tesseract-data-kor: OCR data (kor)
    tesseract-data-kor_vert: OCR data (kor_vert)
    tesseract-data-lao: OCR data (lao)
    tesseract-data-lat: OCR data (lat)
    tesseract-data-lav: OCR data (lav)
    tesseract-data-lit: OCR data (lit)
    tesseract-data-ltz: OCR data (ltz)
    tesseract-data-mal: OCR data (mal)
    tesseract-data-mar: OCR data (mar)
    tesseract-data-mkd: OCR data (mkd)
    tesseract-data-mlt: OCR data (mlt)
    tesseract-data-mon: OCR data (mon)
    tesseract-data-mri: OCR data (mri)
    tesseract-data-msa: OCR data (msa)
    tesseract-data-mya: OCR data (mya)
    tesseract-data-nep: OCR data (nep)
    tesseract-data-nld: OCR data (nld)
    tesseract-data-nor: OCR data (nor)
    tesseract-data-oci: OCR data (oci)
    tesseract-data-ori: OCR data (ori)
    tesseract-data-pan: OCR data (pan)
    tesseract-data-pol: OCR data (pol)
    tesseract-data-por: OCR data (por)
    tesseract-data-pus: OCR data (pus)
    tesseract-data-que: OCR data (que)
    tesseract-data-ron: OCR data (ron)
    tesseract-data-rus: OCR data (rus)
    tesseract-data-san: OCR data (san)
    tesseract-data-sin: OCR data (sin)
    tesseract-data-slk: OCR data (slk)
    tesseract-data-slk_frak: OCR data (slk_frak)
    tesseract-data-slv: OCR data (slv)
    tesseract-data-snd: OCR data (snd)
    tesseract-data-spa: OCR data (spa)
    tesseract-data-spa_old: OCR data (spa_old)
    tesseract-data-sqi: OCR data (sqi)
    tesseract-data-srp: OCR data (srp)
    tesseract-data-srp_latn: OCR data (srp_latn)
    tesseract-data-sun: OCR data (sun)
    tesseract-data-swa: OCR data (swa)
    tesseract-data-swe: OCR data (swe)
    tesseract-data-syr: OCR data (syr)
    tesseract-data-tam: OCR data (tam)
    tesseract-data-tat: OCR data (tat)
    tesseract-data-tel: OCR data (tel)
    tesseract-data-tgk: OCR data (tgk)
    tesseract-data-tgl: OCR data (tgl)
    tesseract-data-tha: OCR data (tha)
    tesseract-data-tir: OCR data (tir)
    tesseract-data-ton: OCR data (ton)
    tesseract-data-tur: OCR data (tur)
    tesseract-data-uig: OCR data (uig)
    tesseract-data-ukr: OCR data (ukr)
    tesseract-data-urd: OCR data (urd)
    tesseract-data-uzb: OCR data (uzb)
    tesseract-data-uzb_cyrl: OCR data (uzb_cyrl)
    tesseract-data-vie: OCR data (vie)
    tesseract-data-yid: OCR data (yid)
    tesseract-data-yor: OCR data (yor)
installing libmupdf...
installing mupdf...
installing glu...
installing freeglut...
installing jasper...
Optional dependencies for jasper
    jasper-doc: documentation
installing libmng...
installing qt6-imageformats...
installing faad2...
installing fluidsynth...
installing libcddb...
installing libcue...
installing libmms...
installing libresidfp...
installing libexsid...
installing libsidplayfp...
Optional dependencies for libsidplayfp
    vice: better SID support
    libusb: USBSID support [installed]
installing confuse...
installing libftdi...
Optional dependencies for libftdi
    python: library bindings [installed]
installing libusb-compat...
installing lirc...
Optional dependencies for lirc
    python: for lirc-setup, irdb-get and pronto2lirc [installed]
    python-gobject: for lirc-setup and irdb-get [installed]
    python-yaml: for lirc-setup and irdb-get [pending]
installing neon...
installing opusfile...
installing wavpack...
installing audacious-plugins...
installing audacious...
Optional dependencies for audacious
    unzip: zipped skins support [pending]
installing libid3tag...
installing libsbsms...
installing serd...
Optional dependencies for serd
    serd-docs: for developer documentation
installing zix...
Optional dependencies for zix
    zix-docs: for developer documentation
installing sord...
Optional dependencies for sord
    sord-docs: for developer documentation
installing lv2...
Optional dependencies for lv2
    lv2-docs: for developer documentation
    lv2-example-plugins: for example plugins
    python-lxml: for lv2specgen.py
    python-markdown: for lv2specgen.py
    python-pygments: for lv2specgen.py
    python-rdflib: for lv2specgen.py
    sord: for lv2_validate [installed]
installing sratom...
Optional dependencies for sratom
    sratom-docs: for developer documentation
installing lilv...
Optional dependencies for lilv
    lilv-docs: for documentation
    lilv-tools: for CLI tools
    python-lilv: for Python bindings
installing portmidi...
installing portsmf...
installing soundtouch...
installing qt5-x11extras...
installing suil...
installing twolame...
installing libmspack...
installing wxwidgets-common...
installing wxwidgets-gtk3...
Optional dependencies for wxwidgets-gtk3
    webkit2gtk-4.1: for webview support
installing vamp-plugin-sdk...
Optional dependencies for vamp-plugin-sdk
    libsndfile: for vamp-simple-host [installed]
installing audacity...
Optional dependencies for audacity
    audacity-docs: for documentation
    ffmpeg: for additional import/export capabilities [installed]
installing babl...
installing lensfun...
Optional dependencies for lensfun
    python: for lensfun-update-data and lensfun-add-adapter [installed]
installing libspiro...
installing blas...
installing lapack...
installing suitesparse...
installing gegl...
Optional dependencies for gegl
    ffmpeg: FFmpeg Frame Loader and FFmpeg Frame Saver plugins [installed]
    graphviz: for gegl-introspect
    sdl2: SDL2 Display plugin [installed]
installing gexiv2-common...
installing libgexiv2...
installing libmypaint...
installing mypaint-brushes1...
installing aalib...
Optional dependencies for aalib
    xorg-fonts-misc: x11 driver
    xorg-mkfontscale: x11 driver
installing libwmf...
Optional dependencies for libwmf
    gdk-pixbuf2: for pixbuf loader [installed]
installing libxmu...
installing mypaint-brushes...
installing poppler-data...
installing gimp...
Optional dependencies for gimp
    alsa-lib: for MIDI event controller module [installed]
    bash-completion: for bash completion support
    cfitsio: for FITS support
    ghostscript: for PostScript support
    gjs: for JavaScript scripting support
    gutenprint: for sophisticated printing only as gimp has built-in cups print support
    gvfs: for HTTP/S support (and many other schemes) [installed]
installing libb64...
installing libnatpmp...
installing miniupnpc...
installing libsigc++-3.0...
installing cairomm-1.16...
installing glibmm-2.68...
installing pangomm-2.48...
installing gtkmm-4.0...
installing transmission-gtk...
Optional dependencies for transmission-gtk
    libnotify: Desktop notification support [installed]
    transmission-cli: daemon and web support
installing cblas...
installing gsl...
installing guvcview-common...
installing guvcview...
installing hyprutils...
installing pugixml...
installing hyprwayland-scanner...
installing hyprpicker...
Optional dependencies for hyprpicker
    wl-clipboard: Allows --autocopy to automatically copy the output to the clipboard [installed]
installing unzip...
installing zip...
installing 7zip...
installing hunspell...
Optional dependencies for hunspell
    perl: for ispellaff2myspell [installed]
installing hunspell-en_us...
Optional dependencies for hunspell-en_us
    hunspell: the spell checking libraries and apps [installed]
installing hunspell-fr-revised...
Optional dependencies for hunspell-fr-revised
    hunspell: the spell checking libraries and apps [installed]
installing alsa-card-profiles...
installing bluez-libs...
installing libebur128...
installing libfdk-aac...
installing libfreeaptx...
installing liblc3...
Optional dependencies for liblc3
    python: Python bindings [installed]
installing libldac...
installing libmysofa...
installing sbc...
installing spandsp...
installing abseil-cpp...
installing webrtc-audio-processing-1...
installing pipewire-audio...
installing libwireplumber...
installing wireplumber...
Created symlink '/etc/systemd/user/pipewire-session-manager.service' → '/usr/lib/systemd/user/wireplumber.service'.
Created symlink '/etc/systemd/user/pipewire.service.wants/wireplumber.service' → '/usr/lib/systemd/user/wireplumber.service'.
Optional dependencies for wireplumber
    wireplumber-docs: Documentation
installing pipewire-pulse...
Created symlink '/etc/systemd/user/sockets.target.wants/pipewire-pulse.socket' → '/usr/lib/systemd/user/pipewire-pulse.socket'.
installing pavucontrol...
installing gtk-layer-shell...
installing python-six...
installing python-xlib...
installing python-i3ipc...
installing nwg-displays...
installing libscfg...
installing aml...
installing vali...
installing kanshi...
installing wlr-randr...
installing xdg-desktop-portal-wlr...
installing brightnessctl...
installing playerctl...
installing libndp...
installing libnm...
installing libteam...
installing networkmanager...
Optional dependencies for networkmanager
    bluez: Bluetooth support [pending]
    dhcpcd: alternative DHCP client [installed]
    dnsmasq: connection sharing
    firewalld: firewall support
    iptables: connection sharing [installed]
    iwd: wpa_supplicant alternative
    libnvme: NBFT support [installed]
    modemmanager: cellular network support [installed]
    nftables: connection sharing [installed]
    openresolv: alternative resolv.conf manager [installed]
    pacrunner: PAC proxy support
    polkit: let non-root users control networking [installed]
    ppp: dialup connection support [installed]
installing libdbusmenu-glib...
installing libdbusmenu-gtk3...
installing libappindicator...
installing libnma-common...
installing libnma...
installing nm-connection-editor...
installing network-manager-applet...
installing networkmanager-dmenu...
Optional dependencies for networkmanager-dmenu
    nm-connection-editor: for connection manager GUI [installed]
    libnotify: recieve notifications [installed]
installing bluez...
installing blueman...
Optional dependencies for blueman
    dnsmasq: Network Access Point (NAP) support
    iproute2: Network Access Point (NAP) support [installed]
    networkmanager: Dial Up Networking (DUN) and Personal Area Networking (PAN) support [installed]
    pulseaudio-bluetooth: audio devices support
installing bluez-utils...
Optional dependencies for bluez-utils
    ell: for btpclient
    perl: for parse_companies.pl [installed]
installing mako...
Optional dependencies for mako
    jq: support for 'makoctl menu' [installed]
installing libyaml...
installing python-yaml...
installing python-docopt...
installing udiskie...
Optional dependencies for udiskie
    libappindicator-gtk3: --appindicator support [installed]
installing libnautilus-extension...
installing file-roller...
Optional dependencies for file-roller
    7zip: 7z archive support [installed]
    arj: arj archive support
    binutils: ar archive support [installed]
    bzip3: bzip3 compression support
    cdrtools: ISO image support
    cpio: cpio archive support [pending]
    dpkg: deb archive support
    lhasa: LHA/LZA archive support
    lrzip: lrzip compression support
    rpmextract: rpm archive support
    squashfs-tools: squashfs image support [installed]
    unace: ACE archive support
    unrar: better RAR archive support
    unzip: better ZIP archive support [installed]
    zip: better ZIP archive support [installed]
installing xdg-user-dirs...
Created symlink '/etc/systemd/user/graphical-session-pre.target.wants/xdg-user-dirs.service' → '/usr/lib/systemd/user/xdg-user-dirs.service'.
installing qt6-wayland...
installing btop...
Optional dependencies for btop
    rocm-smi-lib: AMD GPU support
installing cliphist...
Optional dependencies for cliphist
    xdg-utils: image and mime inferance [installed]
installing perl-error...
installing perl-timedate...
installing perl-mailtools...
installing zlib-ng...
installing git...
Optional dependencies for git
    git-zsh-completion: upstream zsh completion
    tk: gitk and git gui
    openssh: ssh transport and crypto [installed]
    man: show help with `git command --help` [installed]
    perl-libwww: git svn
    perl-term-readkey: git svn and interactive.singlekey setting
    perl-io-socket-ssl: git send-email TLS support
    perl-authen-sasl: git send-email TLS support
    perl-cgi: gitweb (web interface) support
    python: git svn & git p4 [installed]
    subversion: git svn
    org.freedesktop.secrets: keyring credential helper
    libsecret: libsecret credential helper [installed]
    less: the default pager for git [installed]
installing yay-bin...
Optional dependencies for yay-bin
    sudo: privilege elevation [installed]
    doas: privilege elevation
installing shelly-bin...
Optional dependencies for shelly-bin
    fish: Fish shell completions
    zsh: Zsh shell completions [installed]
    libstarfish: dependency viewer for arch packages
    fuse2: run AppImages that require FUSE 2 [installed]
installing fzf...
Optional dependencies for fzf
    fish: fish keybindings
    tmux: fzf-tmux script for launching fzf in a tmux pane [installed]
    vim: plugin [installed]
    zsh: zsh keybindings [installed]
installing github-cli...
Optional dependencies for github-cli
    git: To interact with repositories [installed]
    org.freedesktop.secrets: Store credentials in system keyring
installing wget...
Optional dependencies for wget
    ca-certificates: HTTPS downloads [installed]
installing tera...
installing python-numpy...
Optional dependencies for python-numpy
    blas-openblas: faster linear algebra
installing python-packaging...
installing libraqm...
installing libimagequant...
installing python-pillow...
Optional dependencies for python-pillow
    libwebp: for webp images [installed]
    tk: for the ImageTK module
    python-olefile: OLE2 file support
    python-pyqt6: for the ImageQt module
    python-defusedxml: for reading XMP tags
installing python-imageio...
Optional dependencies for python-imageio
    python-av: for the PyAV plugin
    python-opencv: for the OpenCV plugin
    python-tifffile: for the TIFF plugin
    python-rawpy: for the RawPy plugin
    freeimage: for the FreeImage plugin (legacy)
    python-astropy: for the FITS plugin (legacy)
    python-imageio-ffmpeg: for the FFMPEG plugin (legacy) [pending]
    python-gdal: for the GDAL plugin (legacy)
    python-simpleitk: for the ITK plugin (legacy)
installing python-imageio-ffmpeg...
installing python-platformdirs...
installing python-screeninfo...
Optional dependencies for python-screeninfo
    libxinerama: xinerama backend [installed]
    libxrandr: randr backend [installed]
    libdrm: experimental DRM backend [installed]
installing waypaper...
Optional dependencies for waypaper
    feh: the x11 backend that supports static images
    hyprpaper: the wayland backend with IPC controls
    mpvpaper: support for videos
    swaybg: the wayland backend that supports only static images [installed]
    awww: the wayland backend that supports animated GIFs
    wallutils: another x11 backend
installing m4...
installing autoconf...
installing automake...
installing bison...
installing cpio...
installing elfutils...
installing boost-libs...
Optional dependencies for boost-libs
    openmpi: for mpi support
installing gc...
installing guile...
installing gdb-common...
installing source-highlight...
Optional dependencies for source-highlight
    lesspipe: src-hilite-lesspipe.sh
installing gdb...
installing debugedit...
installing fakeroot...
installing flex...
installing libisl...
installing libmpc...
installing gcc...
Optional dependencies for gcc
    lib32-gcc-libs: for generating code for 32-bit ABI
installing make...
installing patch...
Optional dependencies for patch
    ed: for patch -e functionality
installing pkgconf...
installing texinfo...
Optional dependencies for texinfo
    perl-archive-zip: EPUB file output via texi2any
installing which...
installing base-devel...
installing pacman-contrib...
Optional dependencies for pacman-contrib
    diffutils: for pacdiff [installed]
    fakeroot: for checkupdates [installed]
    findutils: for pacdiff --find [installed]
    mlocate: for pacdiff --locate
    plocate: faster mlocate alternative
    perl: for pacsearch [installed]
    sudo: privilege elevation for several scripts [installed]
    vim: default diff program for pacdiff [installed]
    neovim: default diff program for pacdiff if EDITOR=nvim
installing libplist...
Optional dependencies for libplist
    python: Python bindings [installed]
installing libimobiledevice-glue...
installing libtatsu...
installing libusbmuxd...
installing libimobiledevice...
Optional dependencies for libimobiledevice
    python: Python bindings [installed]
installing upower...
Optional dependencies for upower
    usbmuxd: Read charge status of iOS devices
installing power-profiles-daemon...
Optional dependencies for power-profiles-daemon
    python-gobject: for powerprofilesctl [installed]
installing gnome-themes-extra...
installing papirus-icon-theme...
installing capitaine-cursors...
installing xsettingsd...
installing noto-fonts-emoji...
installing xorg-fonts-encodings...
installing libfontenc...
installing libxfont2...
installing libxkbfile...
installing xorg-xkbcomp...
installing xorg-setxkbmap...
installing xorg-server-common...
installing libxcvt...
installing libei...
installing libdecor...
Optional dependencies for libdecor
    gtk3: gtk3 support [installed]
installing xorg-xwayland...
installing xorg-xhost...
installing polkit-gnome...
installing wireless_tools...
installing yyjson...
installing fastfetch...
Optional dependencies for fastfetch
    chafa: Image output as ascii art [pending]
    dbus: Bluetooth, Player & Media detection [installed]
    dconf: Needed for values that are only stored in DConf + Fallback for GSettings [installed]
    ddcutil: Brightness detection of external displays
    glib2: Output for values that are only stored in GSettings [installed]
    hwdata: GPU output [installed]
    imagemagick: Image output using sixel or kitty graphics protocol [pending]
    libdrm: Displays detection [installed]
    libelf: st term font detection and fast path of systemd version detection [installed]
    libglvnd: OpenGL module [installed]
    libpulse: Sound detection [installed]
    libva: Primary backend of hardware-accelerated video codec detection [installed]
    libvdpau: Fallback backend of hardware-accelerated video codec detection [installed]
    libxrandr: Multi monitor support [installed]
    lua: Lua scripting in format section of JSON config [installed]
    ocl-icd: OpenCL module [installed]
    quickjs-ng: JavaScript scripting in format section of JSON config
    python: Needed for zsh and fish completions [installed]
    sqlite: Needed for Sqlite integration and Soar packages count [installed]
    vulkan-icd-loader: Vulkan module & fallback for GPU output [installed]
    zlib: Faster image output when using kitty graphics protocol [installed]
installing libxslt...
Optional dependencies for libxslt
    python: Python bindings [installed]
installing chafa...
installing liblqr...
installing imagemagick...
Optional dependencies for imagemagick
    ghostscript: PS/PDF support
    jbigkit: JBIG support [installed]
    libheif: HEIF support [installed]
    libjpeg-turbo: JPEG support [installed]
    libjxl: JPEG XL support [installed]
    libraw: DNG support [installed]
    librsvg: SVG support [installed]
    libtiff: TIFF support [installed]
    libultrahdr: UHDR support
    libwebp: WEBP support [installed]
    libwmf: WMF support [installed]
    libzip: OpenRaster support
    ocl-icd: OpenCL support [installed]
    openexr: OpenEXR support [installed]
    openjpeg2: JPEG2000 support [installed]
    djvulibre: DJVU support
    pango: Text rendering [installed]
installing ly...
warning: /var/home/visnudeva/code/GITHUB/SweetPotatOs/work/x86_64/airootfs/etc/ly/config.ini installed as /var/home/visnudeva/code/GITHUB/SweetPotatOs/work/x86_64/airootfs/etc/ly/config.ini.pacnew
Optional dependencies for ly
    xorg-xauth: for X server sessions
    libxcb: for X server sessions [installed]
:: Running post-transaction hooks...
( 1/38) Generating the configured locale...
Generating locales...
Generation complete.
( 2/38) Configuring dynamic linker run-time bindings...
( 3/38) Creating iconv module configuration cache...
( 4/38) Creating system user accounts...
Creating group 'seat' with GID 974.
Creating group 'alpm' with GID 973.
Creating user 'alpm' (Arch Linux Package Management) with UID 973 and GID 973.
Creating group 'avahi' with GID 972.
Creating user 'avahi' (Avahi mDNS/DNS-SD daemon) with UID 972 and GID 972.
Creating group 'named' with GID 40.
Creating user 'named' (BIND DNS Server) with UID 40 and GID 40.
Creating group 'colord' with GID 971.
Creating user 'colord' (colord colour management daemon) with UID 971 and GID 971.
Creating group 'cups' with GID 209.
Creating user 'cups' (cups helper user) with UID 209 and GID 209.
Creating group 'dhcpcd' with GID 970.
Creating user 'dhcpcd' (dhcpcd privilege separation) with UID 970 and GID 970.
Creating group 'git' with GID 969.
Creating user 'git' (git daemon user) with UID 969 and GID 969.
Creating group 'nbd' with GID 968.
Creating user 'nbd' (Network Block Device) with UID 968 and GID 968.
Creating group 'partimag' with GID 110.
Creating user 'partimag' (Partimage user) with UID 110 and GID 110.
Creating group 'pcscd' with GID 967.
Creating user 'pcscd' (PC/SC Smart Card Daemon) with UID 967 and GID 967.
Creating user 'polkitd' (User for polkitd) with UID 102 and GID 102.
Creating group 'rpc' with GID 32.
Creating user 'rpc' (Rpcbind Daemon) with UID 32 and GID 32.
Creating group 'rpcuser' with GID 34.
Creating user 'rpcuser' (RPC Service User) with UID 34 and GID 34.
Creating group 'saned' with GID 966.
Creating user 'saned' (SANE daemon user) with UID 966 and GID 966.
( 5/38) Creating temporary files...
( 6/38) Updating journal message catalog...
( 7/38) Updating udev hardware database...
( 8/38) Applying kernel sysctl settings...
  Skipped: Running in chroot.
( 9/38) Reloading system manager configuration...
  Skipped: Running in chroot.
(10/38) Reloading user manager configuration...
  Skipped: Running in chroot.
(11/38) Updating the MIME type database...
(12/38) Reloading device manager configuration...
  Skipped: Running in chroot.
(13/38) Arming ConditionNeedsUpdate...
(14/38) Updating fontconfig configuration...
(15/38) Rebuilding certificate stores...
(16/38) Updating module dependencies...
(17/38) Applying SweetPotatOs Plymouth theme...
(18/38) Updating linux initcpios...
==> Building image from preset: /etc/mkinitcpio.d/linux.preset: 'archiso'
==> Using configuration file: '/etc/mkinitcpio.conf.d/archiso.conf'
  -> -k /boot/vmlinuz-linux -c /etc/mkinitcpio.conf.d/archiso.conf -g /boot/initramfs-linux.img
==> Starting build: '7.1.8-arch1-3'
  -> Running build hook: [base]
  -> Running build hook: [udev]
  -> Running build hook: [microcode]
  -> Running build hook: [modconf]
  -> Running build hook: [kms]
==> WARNING: Possibly missing firmware for module: 'ast'
  -> Running build hook: [plymouth]
  -> Running build hook: [memdisk]
  -> Running build hook: [archiso]
==> WARNING: pv not found; falling back to cp for copy to RAM
  -> Running build hook: [archiso_loop_mnt]
  -> Running build hook: [archiso_pxe_common]
==> WARNING: Possibly missing firmware for module: 'softing_cs'
==> WARNING: Possibly missing firmware for module: 'bna'
==> WARNING: Possibly missing firmware for module: 'liquidio'
==> WARNING: Possibly missing firmware for module: 'mlxsw_spectrum'
==> WARNING: Possibly missing firmware for module: 'nfp'
==> WARNING: Possibly missing firmware for module: 'qed'
==> WARNING: Possibly missing firmware for module: 'cassini'
==> WARNING: Possibly missing firmware for module: 'adf7242'
  -> Running build hook: [archiso_pxe_nbd]
  -> Running build hook: [archiso_pxe_http]
  -> Running build hook: [archiso_pxe_nfs]
  -> Running build hook: [block]
==> WARNING: Possibly missing firmware for module: 'aic94xx'
==> WARNING: Possibly missing firmware for module: 'bfa'
==> WARNING: Possibly missing firmware for module: 'qla1280'
==> WARNING: Possibly missing firmware for module: 'qla2xxx'
==> WARNING: Possibly missing firmware for module: 'wd719x'
==> WARNING: Possibly missing firmware for module: 'xhci_pci_renesas'
  -> Running build hook: [filesystems]
  -> Running build hook: [keyboard]
==> Generating module dependencies
==> Creating xz-compressed initcpio image: '/boot/initramfs-linux.img'
  -> Early uncompressed CPIO image generation successful
==> Initcpio image generation successful
(19/38) Updating the appstream cache...
✔ Metadata cache was updated successfully.
(20/38) Restarting accounts-daemon...
  Skipped: Running in chroot.
(21/38) Reloading system bus configuration...
  Skipped: Running in chroot.
(22/38) Checking for old perl modules...
(23/38) Updating fontconfig cache...
(24/38) Probing GDK-Pixbuf loader modules...
(25/38) Updating GIO module cache...
(26/38) Compiling GSettings XML schema files...
(27/38) Probing GTK3 input method modules...
(28/38) Updating icon theme caches...
(29/38) Reloading GVFS config...
(30/38) Applying SweetPotatOs branding (os-release / issue)...
(31/38) Applying SweetPotatOs Calamares desktop entry...
(32/38) Removing stock Sway session (SweetPotatOs uses Swirl)...
(33/38) Installing Swirl session for Ly...
(34/38) Updating the info directory file...
(35/38) Uncommenting HTTPS mirrors in /etc/pacman.d/mirrorlist...
(36/38) Updating the desktop file MIME type cache...
(37/38) Updating Vim help tags...
(38/38) Work around FS#49347 by removing custom pacman hooks that are only required during ISO build...
[mkarchiso] INFO: Done! Packages installed successfully.
[mkarchiso] INFO: Creating version files...
[mkarchiso] INFO: Done!
[mkarchiso] INFO: Copying /etc/skel/* to user homes...
[mkarchiso] INFO: Done!
[mkarchiso] INFO: Creating a list of installed packages on live-enviroment...
[mkarchiso] INFO: Done!
[mkarchiso] INFO: Preparing kernel and initramfs for the ISO 9660 file system...
[mkarchiso] INFO: Done!
[mkarchiso] INFO: Setting up SYSLINUX for BIOS booting...
[mkarchiso] INFO: Done! SYSLINUX set up for BIOS booting successfully.
[mkarchiso] INFO: Setting up systemd-boot for UEFI booting...
[mkarchiso] INFO: Creating FAT image of size: 260 MiB...
mkfs.fat 4.2 (2021-01-31)
[mkarchiso] INFO: Preparing kernel and initramfs for the FAT file system...
[mkarchiso] INFO: Done!
[mkarchiso] INFO: Done! systemd-boot set up for UEFI booting successfully.
[mkarchiso] INFO: Cleaning up in pacstrap location...
[mkarchiso] INFO: Done!
[mkarchiso] INFO: Creating SquashFS image, this may take some time...
Parallel mksquashfs: Using 8 processors
Creating 4.0 filesystem on /var/home/visnudeva/code/GITHUB/SweetPotatOs/work/iso/spotato/x86_64/airootfs.sfs, block size 1048576.
[/                                                           ]     0/35450   0%